f987a5367fdfaa4f17cd4bf700d56f4b50992368,DELETE,regular-file,auth-frontend/.venv/Lib/site-packages/_distutils_hack/__init__.py,6128,
2cc433a4a55e3b41fa31089918fb62096092f89f,DELETE,regular-file,auth-frontend/.venv/Lib/site-packages/_distutils_hack/override.py,44,
7f009fe9bb04116f3f68e0df3d90c0d84599803e,DELETE,regular-file,auth-frontend/.venv/Lib/site-packages/distutils-precedence.pth,151,
a1b589e38a32041e49332e5e81c2d363dc418d68,DELETE,regular-file,auth-frontend/.venv/Lib/site-packages/pip-22.3.1.dist-info/INSTALLER,4,
8e7b65eaf628360e6f32f4140fcdd7ec7c2b7077,DELETE,regular-file,auth-frontend/.venv/Lib/site-packages/pip-22.3.1.dist-info/LICENSE.txt,1093,
e935e1a56ca71a6b199393fa083e967471bba006,DELETE,regular-file,auth-frontend/.venv/Lib/site-packages/pip-22.3.1.dist-info/METADATA,4072,
3c8ee15d56749fbea361d72549d5ddf4b1ee95c1,DELETE,regular-file,auth-frontend/.venv/Lib/site-packages/pip-22.3.1.dist-info/RECORD,75149,
e69de29bb2d1d6434b8b29ae775ad8c2e48c5391,DELETE,regular-file,auth-frontend/.venv/Lib/site-packages/pip-22.3.1.dist-info/REQUESTED,0,
becc9a66ea739ba941d48a749e248761cc6e658a,DELETE,regular-file,auth-frontend/.venv/Lib/site-packages/pip-22.3.1.dist-info/WHEEL,92,
5367846d2a5758a86f74ddea7cbb12c1c4424f21,DELETE,regular-file,auth-frontend/.venv/Lib/site-packages/pip-22.3.1.dist-info/entry_points.txt,125,
a1b589e38a32041e49332e5e81c2d363dc418d68,DELETE,regular-file,auth-frontend/.venv/Lib/site-packages/pip-22.3.1.dist-info/top_level.txt,4,
5563b5d55c7c5640c5882a0fd81915a055b50fdb,DELETE,regular-file,auth-frontend/.venv/Lib/site-packages/pip/__init__.py,357,
fe34a7b7772cef55f5b5cb3455a2850489620ca7,DELETE,regular-file,auth-frontend/.venv/Lib/site-packages/pip/__main__.py,1198,
49a148a097e9cc06c165571e0bffaf7cae17dc5b,DELETE,regular-file,auth-frontend/.venv/Lib/site-packages/pip/__pip-runner__.py,1444,
6afb5c627ce3db6e61cbf46276f7ddd42552eb28,DELETE,regular-file,auth-frontend/.venv/Lib/site-packages/pip/_internal/__init__.py,573,
cc2b38bab796c1277eefafc5c3b9ad45d430bccd,DELETE,regular-file,auth-frontend/.venv/Lib/site-packages/pip/_internal/build_env.py,10234,
c53b7f023a1ec6d40fb4784c30acf7d4c411a8c3,DELETE,regular-file,auth-frontend/.venv/Lib/site-packages/pip/_internal/cache.py,10734,
e589bb917e23823e25f9fff7e0849c4d6d4a62bc,DELETE,regular-file,auth-frontend/.venv/Lib/site-packages/pip/_internal/cli/__init__.py,132,
226fe84dc0d0c4eb78f9b3c603df20cef0fdfda4,DELETE,regular-file,auth-frontend/.venv/Lib/site-packages/pip/_internal/cli/autocompletion.py,6676,
5bd7e67e649d256292fb12b8be6dc9ff88c111ac,DELETE,regular-file,auth-frontend/.venv/Lib/site-packages/pip/_internal/cli/base_command.py,7842,
b4e2560dea29ee1f4b88b5a734960f551d611720,DELETE,regular-file,auth-frontend/.venv/Lib/site-packages/pip/_internal/cli/cmdoptions.py,29381,
139995ac3f109a82664e4913f7ebc32ecf7617e1,DELETE,regular-file,auth-frontend/.venv/Lib/site-packages/pip/_internal/cli/command_context.py,774,
0e31221543adcd5cbec489985bbf473dcf7503f6,DELETE,regular-file,auth-frontend/.venv/Lib/site-packages/pip/_internal/cli/main.py,2472,
5ade356b9c2f3e375bf598635627870f248c0cc3,DELETE,regular-file,auth-frontend/.venv/Lib/site-packages/pip/_internal/cli/main_parser.py,4338,
c762cf2781d460288674314959c727e860aad067,DELETE,regular-file,auth-frontend/.venv/Lib/site-packages/pip/_internal/cli/parser.py,10817,
0ad14031ca50c2c348dc0daa8fe7b38af532c0f5,DELETE,regular-file,auth-frontend/.venv/Lib/site-packages/pip/_internal/cli/progress_bars.py,1968,
1044809f04082fe8ba43e57946638870e494dd40,DELETE,regular-file,auth-frontend/.venv/Lib/site-packages/pip/_internal/cli/req_command.py,18172,
cf2b976f377c2656afb3d84add8d30b0fc280c03,DELETE,regular-file,auth-frontend/.venv/Lib/site-packages/pip/_internal/cli/spinners.py,5118,
5e29502cddfa9a9887a93399ab4193fb75dfe605,DELETE,regular-file,auth-frontend/.venv/Lib/site-packages/pip/_internal/cli/status_codes.py,116,
858a41014169b8f0eb1b905fa3bb69c753a1bda5,DELETE,regular-file,auth-frontend/.venv/Lib/site-packages/pip/_internal/commands/__init__.py,3882,
c5f03302d6b03989e900cb6786946ffd01968798,DELETE,regular-file,auth-frontend/.venv/Lib/site-packages/pip/_internal/commands/cache.py,7582,
3864220b2b4a2fd3803bdff0ab9e4c3941c1f313,DELETE,regular-file,auth-frontend/.venv/Lib/site-packages/pip/_internal/commands/check.py,1685,
deaa30899e64cd9fd4382d1054371679d8e713d5,DELETE,regular-file,auth-frontend/.venv/Lib/site-packages/pip/_internal/commands/completion.py,4129,
84b134e490b081d661daf69f98e0b9b1fdddd36f,DELETE,regular-file,auth-frontend/.venv/Lib/site-packages/pip/_internal/commands/configuration.py,9815,
6fad1fe894387f07f2484e6a0d27126b0a64f2b1,DELETE,regular-file,auth-frontend/.venv/Lib/site-packages/pip/_internal/commands/debug.py,6573,
4132e0898831bc18faa313f103f55e7d5a1ea2b7,DELETE,regular-file,auth-frontend/.venv/Lib/site-packages/pip/_internal/commands/download.py,5289,
5fa6d39b2c7c74635f9570c1e1665d03a45024b2,DELETE,regular-file,auth-frontend/.venv/Lib/site-packages/pip/_internal/commands/freeze.py,2951,
042dac813e74b8187c3754cb9a937c7f7183e331,DELETE,regular-file,auth-frontend/.venv/Lib/site-packages/pip/_internal/commands/hash.py,1703,
62066318b74dcc5c32bcd24b9493fb34d1ce52d7,DELETE,regular-file,auth-frontend/.venv/Lib/site-packages/pip/_internal/commands/help.py,1132,
b4bf0ac06e14926d193a6ed31f12e3c46329c338,DELETE,regular-file,auth-frontend/.venv/Lib/site-packages/pip/_internal/commands/index.py,4762,
a4e3599306e554cb62528cc6e807f319658d86bf,DELETE,regular-file,auth-frontend/.venv/Lib/site-packages/pip/_internal/commands/inspect.py,3374,
e081c27d2d2b05ee9820bb41c071ec9da4ad2106,DELETE,regular-file,auth-frontend/.venv/Lib/site-packages/pip/_internal/commands/install.py,31726,
8e1426dbb6c6762a673db2691ecd7ac124d46ec8,DELETE,regular-file,auth-frontend/.venv/Lib/site-packages/pip/_internal/commands/list.py,12343,
03ed925b246dd551ec2ef45095ed6cad00fd2745,DELETE,regular-file,auth-frontend/.venv/Lib/site-packages/pip/_internal/commands/search.py,5697,
212167c9d1ef1a454ffb4f845c5c16fa7058b63c,DELETE,regular-file,auth-frontend/.venv/Lib/site-packages/pip/_internal/commands/show.py,6129,
dea8077e7f5bd97d458c9617e6a51bc2fc2dd311,DELETE,regular-file,auth-frontend/.venv/Lib/site-packages/pip/_internal/commands/uninstall.py,3680,
1afbd562c65832b985e0e5f350876cd723aa3b72,DELETE,regular-file,auth-frontend/.venv/Lib/site-packages/pip/_internal/commands/wheel.py,7396,
8fd46c9b8e0dbab8716c33d349f55a494613ba8f,DELETE,regular-file,auth-frontend/.venv/Lib/site-packages/pip/_internal/configuration.py,13529,
9a89a838b9a5cb264e9ae9d269fbedca6e2d6333,DELETE,regular-file,auth-frontend/.venv/Lib/site-packages/pip/_internal/distributions/__init__.py,858,
75ce2dc9057a20a957abe2fbd4ef094dc4196684,DELETE,regular-file,auth-frontend/.venv/Lib/site-packages/pip/_internal/distributions/base.py,1221,
edb38aa1a6c54dcb73e2f74b6bdfff337841d99f,DELETE,regular-file,auth-frontend/.venv/Lib/site-packages/pip/_internal/distributions/installed.py,729,
4c25647930c6557d10e8a3ee92b68cfe3a07f7d7,DELETE,regular-file,auth-frontend/.venv/Lib/site-packages/pip/_internal/distributions/sdist.py,6494,
03aac775b53f2dd3153a9f44829e7987258950aa,DELETE,regular-file,auth-frontend/.venv/Lib/site-packages/pip/_internal/distributions/wheel.py,1164,
2ab1f591f128951f778c90b9347595c03d447572,DELETE,regular-file,auth-frontend/.venv/Lib/site-packages/pip/_internal/exceptions.py,20942,
7a17b7b3b6ad49157ee41f3da304fec3d32342d3,DELETE,regular-file,auth-frontend/.venv/Lib/site-packages/pip/_internal/index/__init__.py,30,
0120610c7584dc3da9d1a154692e025013abba85,DELETE,regular-file,auth-frontend/.venv/Lib/site-packages/pip/_internal/index/collector.py,16503,
9bf247f02469a05f33ec97a2dfb10187d5d7ddb1,DELETE,regular-file,auth-frontend/.venv/Lib/site-packages/pip/_internal/index/package_finder.py,37596,
eec3f12f7e394a9eba2ebc43cf754a0040cdebf3,DELETE,regular-file,auth-frontend/.venv/Lib/site-packages/pip/_internal/index/sources.py,6557,
60afe0a73b8d9e09b27a56a9132bdc7f70b84fe1,DELETE,regular-file,auth-frontend/.venv/Lib/site-packages/pip/_internal/locations/__init__.py,17552,
c7712f016f5d92930bb88bfd50fbb5dce55e4ecc,DELETE,regular-file,auth-frontend/.venv/Lib/site-packages/pip/_internal/locations/_distutils.py,6302,
0bbc9283db7fa93f9e2ed75101ea2cde41bc8fb0,DELETE,regular-file,auth-frontend/.venv/Lib/site-packages/pip/_internal/locations/_sysconfig.py,7867,
3f7de0061f188de568180fe6ab075a21890201df,DELETE,regular-file,auth-frontend/.venv/Lib/site-packages/pip/_internal/locations/base.py,2573,
33c6d24cd85b55a9fb1b1e6ab784f471e2b135f0,DELETE,regular-file,auth-frontend/.venv/Lib/site-packages/pip/_internal/main.py,340,
9f73ca7105ff0bf11d74dd16ffb0653059466f70,DELETE,regular-file,auth-frontend/.venv/Lib/site-packages/pip/_internal/metadata/__init__.py,4280,
336b52f1efddbcaeb6716583fc2f043699e278fa,DELETE,regular-file,auth-frontend/.venv/Lib/site-packages/pip/_internal/metadata/_json.py,2595,
cafb79fb3dcf43744393e2964056fe32c350bbc1,DELETE,regular-file,auth-frontend/.venv/Lib/site-packages/pip/_internal/metadata/base.py,25277,
5e7af9fe521bd529dd2c1878b0a6e9ea7c57752d,DELETE,regular-file,auth-frontend/.venv/Lib/site-packages/pip/_internal/metadata/importlib/__init__.py,107,
593bff23edecd3c517c96e119ee777bd4ee1d9d0,DELETE,regular-file,auth-frontend/.venv/Lib/site-packages/pip/_internal/metadata/importlib/_compat.py,1882,
65c043c87eff27e9405316fdbc0c695f2b347441,DELETE,regular-file,auth-frontend/.venv/Lib/site-packages/pip/_internal/metadata/importlib/_dists.py,8181,
cbec59e2c6d3238afd29b4d46626a1550f849e2b,DELETE,regular-file,auth-frontend/.venv/Lib/site-packages/pip/_internal/metadata/importlib/_envs.py,7457,
f330ef12a2c5ea0a4adbecbeea389741479d5eb4,DELETE,regular-file,auth-frontend/.venv/Lib/site-packages/pip/_internal/metadata/pkg_resources.py,9773,
7855226e4b500142deef8fb247cd33a9a991d122,DELETE,regular-file,auth-frontend/.venv/Lib/site-packages/pip/_internal/models/__init__.py,63,
a4963aec6388c27c3beb064f0a730af200380aee,DELETE,regular-file,auth-frontend/.venv/Lib/site-packages/pip/_internal/models/candidate.py,990,
e75feda9ca9477b0ffec1f523f29033e289d6b6a,DELETE,regular-file,auth-frontend/.venv/Lib/site-packages/pip/_internal/models/direct_url.py,5877,
db3995eac9f9ec2450e0e2d4a18e666c0b178681,DELETE,regular-file,auth-frontend/.venv/Lib/site-packages/pip/_internal/models/format_control.py,2520,
b94c32511f0cda2363bfc4f29c9c8bfcc7101f9b,DELETE,regular-file,auth-frontend/.venv/Lib/site-packages/pip/_internal/models/index.py,1030,
965f09523719a61439694fb5e583535e3d1771c1,DELETE,regular-file,auth-frontend/.venv/Lib/site-packages/pip/_internal/models/installation_report.py,2617,
c792d128bcf9423016d6582c0eb67153c13f9cc8,DELETE,regular-file,auth-frontend/.venv/Lib/site-packages/pip/_internal/models/link.py,18083,
f51190ac60354d90eb2aef4b04c484f8517275c2,DELETE,regular-file,auth-frontend/.venv/Lib/site-packages/pip/_internal/models/scheme.py,738,
a64af73899de1a292ebadebb3cf4ad9bae27d6fc,DELETE,regular-file,auth-frontend/.venv/Lib/site-packages/pip/_internal/models/search_scope.py,4644,
977bc4caa75c1e76156fa97e2841a01332f6fa47,DELETE,regular-file,auth-frontend/.venv/Lib/site-packages/pip/_internal/models/selection_prefs.py,1907,
744bd7ef58b4870406fcef8cb3b3667548a0ccea,DELETE,regular-file,auth-frontend/.venv/Lib/site-packages/pip/_internal/models/target_python.py,3858,
a5dc12bdd63163c86f87ce4b5430cdb16d73769d,DELETE,regular-file,auth-frontend/.venv/Lib/site-packages/pip/_internal/models/wheel.py,3600,
b51bde91b2e5b4e557ed9b70fc113843cc3d49ae,DELETE,regular-file,auth-frontend/.venv/Lib/site-packages/pip/_internal/network/__init__.py,50,
ca42798bd952dfa10533e22a137e72dbd15250d4,DELETE,regular-file,auth-frontend/.venv/Lib/site-packages/pip/_internal/network/auth.py,12190,
a81a23985198d2eaa3c25ad1f77924f0fcdb037b,DELETE,regular-file,auth-frontend/.venv/Lib/site-packages/pip/_internal/network/cache.py,2145,
79b82a570e5be5ce4f8e4dcc4906da8c18f08ef6,DELETE,regular-file,auth-frontend/.venv/Lib/site-packages/pip/_internal/network/download.py,6096,
854a6fa1fdc818061f47d55faa5c78b7b26eac45,DELETE,regular-file,auth-frontend/.venv/Lib/site-packages/pip/_internal/network/lazy_wheel.py,7638,
e512ac784649b9dd8845e24e4d17f9e13f6591b0,DELETE,regular-file,auth-frontend/.venv/Lib/site-packages/pip/_internal/network/session.py,18443,
134848ae526e54e2b18738f83088c4a17efcce96,DELETE,regular-file,auth-frontend/.venv/Lib/site-packages/pip/_internal/network/utils.py,4073,
4a7d55d0e50cb8b892caa021695522e5ddd54a17,DELETE,regular-file,auth-frontend/.venv/Lib/site-packages/pip/_internal/network/xmlrpc.py,1791,
e69de29bb2d1d6434b8b29ae775ad8c2e48c5391,DELETE,regular-file,auth-frontend/.venv/Lib/site-packages/pip/_internal/operations/__init__.py,0,
e69de29bb2d1d6434b8b29ae775ad8c2e48c5391,DELETE,regular-file,auth-frontend/.venv/Lib/site-packages/pip/_internal/operations/build/__init__.py,0,
6621549b8449130d2d01ebac0a3649d8b70c4f91,DELETE,regular-file,auth-frontend/.venv/Lib/site-packages/pip/_internal/operations/build/build_tracker.py,4133,
e2b7b4445437c53790e41af448dc14d86d9aa729,DELETE,regular-file,auth-frontend/.venv/Lib/site-packages/pip/_internal/operations/build/metadata.py,1404,
4c3f48b6cdfb3087a833546410fc810a343b9e13,DELETE,regular-file,auth-frontend/.venv/Lib/site-packages/pip/_internal/operations/build/metadata_editable.py,1456,
e60988d643e007801f79e8718354e7d00c7acf18,DELETE,regular-file,auth-frontend/.venv/Lib/site-packages/pip/_internal/operations/build/metadata_legacy.py,2198,
b0d2fc9eadb9349c0b8e69b58351648f3e54dfb5,DELETE,regular-file,auth-frontend/.venv/Lib/site-packages/pip/_internal/operations/build/wheel.py,1063,
cf7b01aed5afcef2924ebb10c15499c4497d5ea2,DELETE,regular-file,auth-frontend/.venv/Lib/site-packages/pip/_internal/operations/build/wheel_editable.py,1405,
c5f0492ccbe9c727c835c12c84a1d8340366fa1e,DELETE,regular-file,auth-frontend/.venv/Lib/site-packages/pip/_internal/operations/build/wheel_legacy.py,3064,
fb3ac8b9c9ea57ec1bb667cb8e904a8b5b2f9df2,DELETE,regular-file,auth-frontend/.venv/Lib/site-packages/pip/_internal/operations/check.py,5109,
930d4c6005ea87c498711bd8facfc4981bfed3fe,DELETE,regular-file,auth-frontend/.venv/Lib/site-packages/pip/_internal/operations/freeze.py,9784,
24d6a5dd31fe33b03f90ed0f9ee465253686900c,DELETE,regular-file,auth-frontend/.venv/Lib/site-packages/pip/_internal/operations/install/__init__.py,51,
bb548cdca75a924bf090f2be29779e2be1951a2c,DELETE,regular-file,auth-frontend/.venv/Lib/site-packages/pip/_internal/operations/install/editable_legacy.py,1354,
290967dd6d57adef52a4999e92aafceac5760cd7,DELETE,regular-file,auth-frontend/.venv/Lib/site-packages/pip/_internal/operations/install/legacy.py,4105,
c79941398a2c1d502e60cd0dd0703d8c0530a30f,DELETE,regular-file,auth-frontend/.venv/Lib/site-packages/pip/_internal/operations/install/wheel.py,27407,
4bf414cb0052e351b6976b500123633bcacff15a,DELETE,regular-file,auth-frontend/.venv/Lib/site-packages/pip/_internal/operations/prepare.py,25091,
1e9119f3e5c7cc9bba98ed461ef6c2fb9231f686,DELETE,regular-file,auth-frontend/.venv/Lib/site-packages/pip/_internal/pyproject.py,7074,
8d56359666869463527be82a7de2e7a04eec165b,DELETE,regular-file,auth-frontend/.venv/Lib/site-packages/pip/_internal/req/__init__.py,2807,
dea7c3b0116267a62f2b79af8be2e19d72eb2d96,DELETE,regular-file,auth-frontend/.venv/Lib/site-packages/pip/_internal/req/constructors.py,16611,
11ec699acc561cda2ed0392b9e5973464f4b196c,DELETE,regular-file,auth-frontend/.venv/Lib/site-packages/pip/_internal/req/req_file.py,17646,
5f29261c252d897a7f5e03a453d0a7e9fc93bd85,DELETE,regular-file,auth-frontend/.venv/Lib/site-packages/pip/_internal/req/req_install.py,35600,
ec7a6e07a25acfa978030c65ae7c1d8609163249,DELETE,regular-file,auth-frontend/.venv/Lib/site-packages/pip/_internal/req/req_set.py,2858,
15b67385c86218b6716ddac9d2fb4c8fcf1020e5,DELETE,regular-file,auth-frontend/.venv/Lib/site-packages/pip/_internal/req/req_uninstall.py,24045,
e69de29bb2d1d6434b8b29ae775ad8c2e48c5391,DELETE,regular-file,auth-frontend/.venv/Lib/site-packages/pip/_internal/resolution/__init__.py,0,
42dade18c1ec2b825f756dad4aaa89f2d9e6ce21,DELETE,regular-file,auth-frontend/.venv/Lib/site-packages/pip/_internal/resolution/base.py,583,
e69de29bb2d1d6434b8b29ae775ad8c2e48c5391,DELETE,regular-file,auth-frontend/.venv/Lib/site-packages/pip/_internal/resolution/legacy/__init__.py,0,
fb49d41695fec744a674da8bc11b646264c768b7,DELETE,regular-file,auth-frontend/.venv/Lib/site-packages/pip/_internal/resolution/legacy/resolver.py,24129,
e69de29bb2d1d6434b8b29ae775ad8c2e48c5391,DELETE,regular-file,auth-frontend/.venv/Lib/site-packages/pip/_internal/resolution/resolvelib/__init__.py,0,
b206692a0a976d8336e3f5896eadf4765a33fb2c,DELETE,regular-file,auth-frontend/.venv/Lib/site-packages/pip/_internal/resolution/resolvelib/base.py,5220,
f5bc343b91be9cd7038a64cda0df08a37f932e61,DELETE,regular-file,auth-frontend/.venv/Lib/site-packages/pip/_internal/resolution/resolvelib/candidates.py,18963,
a4c24b52a1bf4fd055f4a130e80f4401fe06ea6b,DELETE,regular-file,auth-frontend/.venv/Lib/site-packages/pip/_internal/resolution/resolvelib/factory.py,27878,
8663097b447cdd80c52e2b2abde33a4736ddb9c2,DELETE,regular-file,auth-frontend/.venv/Lib/site-packages/pip/_internal/resolution/resolvelib/found_candidates.py,5705,
6300dfc57f051e461776b82591471c7dc7fc486d,DELETE,regular-file,auth-frontend/.venv/Lib/site-packages/pip/_internal/resolution/resolvelib/provider.py,9914,
6ced5329b814e0fd3c397bb11dc69a82b06eb1f4,DELETE,regular-file,auth-frontend/.venv/Lib/site-packages/pip/_internal/resolution/resolvelib/reporter.py,2526,
f561f1f1e270666ccd74c9d61f78c9c24f5c4c99,DELETE,regular-file,auth-frontend/.venv/Lib/site-packages/pip/_internal/resolution/resolvelib/requirements.py,5455,
a605d6c254f519ec221b18f104a62b758241a99b,DELETE,regular-file,auth-frontend/.venv/Lib/site-packages/pip/_internal/resolution/resolvelib/resolver.py,11533,
9e2149c5247c14e2a4156bcc74fa8133aba97602,DELETE,regular-file,auth-frontend/.venv/Lib/site-packages/pip/_internal/self_outdated_check.py,8020,
e69de29bb2d1d6434b8b29ae775ad8c2e48c5391,DELETE,regular-file,auth-frontend/.venv/Lib/site-packages/pip/_internal/utils/__init__.py,0,
92c4c6a193873ce09629f6cfaa2dabc4f14ecb03,DELETE,regular-file,auth-frontend/.venv/Lib/site-packages/pip/_internal/utils/_log.py,1015,
16933bf8afedcbe3e9d4fcc04e5f7246228c56fc,DELETE,regular-file,auth-frontend/.venv/Lib/site-packages/pip/_internal/utils/appdirs.py,1665,
3f4d300cef077e698989245562375a9444d983fa,DELETE,regular-file,auth-frontend/.venv/Lib/site-packages/pip/_internal/utils/compat.py,1884,
b6ed9a78e552806cb23d8ac48ada6d41db5b4de5,DELETE,regular-file,auth-frontend/.venv/Lib/site-packages/pip/_internal/utils/compatibility_tags.py,5377,
8668b3b0ec1deec2aeb7ff6bd94265d6705e05bf,DELETE,regular-file,auth-frontend/.venv/Lib/site-packages/pip/_internal/utils/datetime.py,242,
18e9be9f36ec47fcacd153de4e3ed0cf945ddeba,DELETE,regular-file,auth-frontend/.venv/Lib/site-packages/pip/_internal/utils/deprecation.py,5764,
0e8e5e1608b911e789a3d346ebe48aa7cc54b79e,DELETE,regular-file,auth-frontend/.venv/Lib/site-packages/pip/_internal/utils/direct_url_helpers.py,3206,
2fd1862073f55d5551fc2c1bc1e9eaaed0c0e877,DELETE,regular-file,auth-frontend/.venv/Lib/site-packages/pip/_internal/utils/distutils_args.py,1115,
9e0da8d2d29d94d15dfbf49dff90df7eafd68bac,DELETE,regular-file,auth-frontend/.venv/Lib/site-packages/pip/_internal/utils/egg_link.py,2203,
008f06a79bf598b149bdccb73e572d13331a1631,DELETE,regular-file,auth-frontend/.venv/Lib/site-packages/pip/_internal/utils/encoding.py,1169,
150136938548af6aa5ae1f716b330d0eb2d3e013,DELETE,regular-file,auth-frontend/.venv/Lib/site-packages/pip/_internal/utils/entrypoints.py,3064,
83c2df75b963e5866b63aaf0f4446a8ca61aebce,DELETE,regular-file,auth-frontend/.venv/Lib/site-packages/pip/_internal/utils/filesystem.py,5122,
5948570178f3e6e79d1ff574241d09d4d8ed78de,DELETE,regular-file,auth-frontend/.venv/Lib/site-packages/pip/_internal/utils/filetypes.py,716,
7bd3c20681d865cb4fa42617cf939b5512c7663f,DELETE,regular-file,auth-frontend/.venv/Lib/site-packages/pip/_internal/utils/glibc.py,3110,
76727306a4c2b9fa47f1c3ed97c4941b2619cabe,DELETE,regular-file,auth-frontend/.venv/Lib/site-packages/pip/_internal/utils/hashes.py,4831,
276aa79bb81356cdca73af0a5851b448707784a4,DELETE,regular-file,auth-frontend/.venv/Lib/site-packages/pip/_internal/utils/inject_securetransport.py,795,
c10e1f4ced6bcc799799b62666695998e095bbaf,DELETE,regular-file,auth-frontend/.venv/Lib/site-packages/pip/_internal/utils/logging.py,11632,
a8f4cb5cf561c671674bcc10be18aae9121a4c8a,DELETE,regular-file,auth-frontend/.venv/Lib/site-packages/pip/_internal/utils/misc.py,21617,
b6bb21a8b26680b38c3af8278ed139b6628356c5,DELETE,regular-file,auth-frontend/.venv/Lib/site-packages/pip/_internal/utils/models.py,1193,
b9f6af4d17410ce7e1d573c41a1f04dd18ae275e,DELETE,regular-file,auth-frontend/.venv/Lib/site-packages/pip/_internal/utils/packaging.py,2108,
01ef4a4ca59b5f592c7b89bec136d6b8af785ba2,DELETE,regular-file,auth-frontend/.venv/Lib/site-packages/pip/_internal/utils/setuptools_build.py,5662,
cf5bf6be1f6ad8d2be99e55f80cbbd110a8b3d7a,DELETE,regular-file,auth-frontend/.venv/Lib/site-packages/pip/_internal/utils/subprocess.py,9197,
8ee8a1cb18017880cd0bebd66bc2cec5702118c6,DELETE,regular-file,auth-frontend/.venv/Lib/site-packages/pip/_internal/utils/temp_dir.py,7702,
78b5c13ced3d0a429b6d292e2b0b985d50909942,DELETE,regular-file,auth-frontend/.venv/Lib/site-packages/pip/_internal/utils/unpacking.py,8821,
6ba2e04f350792e2c0021cf7ba7f40b25dc6cd51,DELETE,regular-file,auth-frontend/.venv/Lib/site-packages/pip/_internal/utils/urls.py,1759,
c926db4c33215425c838ebf3de02a204f7863e50,DELETE,regular-file,auth-frontend/.venv/Lib/site-packages/pip/_internal/utils/virtualenv.py,3459,
e5e3f34ed81453ce759c6ade8b2def733e9063e2,DELETE,regular-file,auth-frontend/.venv/Lib/site-packages/pip/_internal/utils/wheel.py,4549,
b6beddbe6d24d2949dc89ed07abfebd59d8b63b9,DELETE,regular-file,auth-frontend/.venv/Lib/site-packages/pip/_internal/vcs/__init__.py,596,
06c80e48a3923520782fce059f0120714f08d955,DELETE,regular-file,auth-frontend/.venv/Lib/site-packages/pip/_internal/vcs/bazaar.py,3518,
8d1d499376744954308bdf96f80e5b5a39a24195,DELETE,regular-file,auth-frontend/.venv/Lib/site-packages/pip/_internal/vcs/git.py,18116,
2a005e0aff2df95f01aff4706b48af5da0c81db1,DELETE,regular-file,auth-frontend/.venv/Lib/site-packages/pip/_internal/vcs/mercurial.py,5238,
2cd6f0ae9d29a1e8cb58033b077f9b0ea7ceac5c,DELETE,regular-file,auth-frontend/.venv/Lib/site-packages/pip/_internal/vcs/subversion.py,11728,
02bbf68e7ad3ce14f191af24260312e817e12df7,DELETE,regular-file,auth-frontend/.venv/Lib/site-packages/pip/_internal/vcs/versioncontrol.py,22811,
15b30af58e49da798befbe7afe1bb80d1b784cd0,DELETE,regular-file,auth-frontend/.venv/Lib/site-packages/pip/_internal/wheel_builder.py,13079,
b22f7abb93b9d7aeee50829b35746aaa3f9f5feb,DELETE,regular-file,auth-frontend/.venv/Lib/site-packages/pip/_vendor/__init__.py,4966,
f631ae6df4747b808cac7c03b38e3e1d48bea00b,DELETE,regular-file,auth-frontend/.venv/Lib/site-packages/pip/_vendor/cachecontrol/__init__.py,465,
4266b5ee92a24b5e0ef65689a1b94a98bb4a9b56,DELETE,regular-file,auth-frontend/.venv/Lib/site-packages/pip/_vendor/cachecontrol/_cmd.py,1379,
94c75e1a05b47922945c5233e90e9f936b108b66,DELETE,regular-file,auth-frontend/.venv/Lib/site-packages/pip/_vendor/cachecontrol/adapter.py,5033,
2a965f595ff0756002e2a2c79da551fa8c8fff25,DELETE,regular-file,auth-frontend/.venv/Lib/site-packages/pip/_vendor/cachecontrol/cache.py,1535,
37827291fb5a76d7ef9a7a3a695710b2074ca09a,DELETE,regular-file,auth-frontend/.venv/Lib/site-packages/pip/_vendor/cachecontrol/caches/__init__.py,242,
f1ddb2ebdf9eb702718fd31e09ff92b592da519f,DELETE,regular-file,auth-frontend/.venv/Lib/site-packages/pip/_vendor/cachecontrol/caches/file_cache.py,5271,
2cba4b0708032d62b4c1278f99e5db87ed8d90fe,DELETE,regular-file,auth-frontend/.venv/Lib/site-packages/pip/_vendor/cachecontrol/caches/redis_cache.py,1033,
ccec9379dba2b03015ce123dd04a042f32431235,DELETE,regular-file,auth-frontend/.venv/Lib/site-packages/pip/_vendor/cachecontrol/compat.py,778,
7f23529f1155cd3bbfde335ccdb7fc483b9d2d19,DELETE,regular-file,auth-frontend/.venv/Lib/site-packages/pip/_vendor/cachecontrol/controller.py,16416,
f5ed5f6f6ec0eae90a9f48753622b2b5ee5d4a4f,DELETE,regular-file,auth-frontend/.venv/Lib/site-packages/pip/_vendor/cachecontrol/filewrapper.py,3946,
ebe4a96f589474f6f441858de2bb961c5e473c6d,DELETE,regular-file,auth-frontend/.venv/Lib/site-packages/pip/_vendor/cachecontrol/heuristics.py,4154,
7fe1a3e33a3adbfd9ad1126a22d7175154ebc200,DELETE,regular-file,auth-frontend/.venv/Lib/site-packages/pip/_vendor/cachecontrol/serialize.py,7105,
b6ee7f2039801c9792dfe6e473843fb0a4bc4a5b,DELETE,regular-file,auth-frontend/.venv/Lib/site-packages/pip/_vendor/cachecontrol/wrapper.py,774,
af4bcc1510f63fae52d504eb805e8497f2b11cde,DELETE,regular-file,auth-frontend/.venv/Lib/site-packages/pip/_vendor/certifi/__init__.py,94,
00376349e69ad8b9dbf401cddc34055951e4b02e,DELETE,regular-file,auth-frontend/.venv/Lib/site-packages/pip/_vendor/certifi/__main__.py,255,
400515511378e1d5f6913d1c7c81ca5993124135,DELETE,regular-file,auth-frontend/.venv/Lib/site-packages/pip/_vendor/certifi/cacert.pem,286370,
c3e546604c85678dd72db35893c46ffe2d79c052,DELETE,regular-file,auth-frontend/.venv/Lib/site-packages/pip/_vendor/certifi/core.py,4279,
e91ad61822cd36d5c986e74fa8ecfb2d255b4866,DELETE,regular-file,auth-frontend/.venv/Lib/site-packages/pip/_vendor/chardet/__init__.py,3705,
87d9f972edde20d1f8e391b8010703242a8de977,DELETE,regular-file,auth-frontend/.venv/Lib/site-packages/pip/_vendor/chardet/big5freq.py,31274,
e4dfa7aa02a96cb79a93427bcdab893d957763d0,DELETE,regular-file,auth-frontend/.venv/Lib/site-packages/pip/_vendor/chardet/big5prober.py,1741,
27b4a293911de909c4cb955e671059e40d94e4d4,DELETE,regular-file,auth-frontend/.venv/Lib/site-packages/pip/_vendor/chardet/chardistribution.py,9608,
778ff332bbdeb0402acda7866851679ba6b28ee4,DELETE,regular-file,auth-frontend/.venv/Lib/site-packages/pip/_vendor/chardet/charsetgroupprober.py,3817,
9f1afd999c18fa6997c92f0c8b231e68b70ffdc0,DELETE,regular-file,auth-frontend/.venv/Lib/site-packages/pip/_vendor/chardet/charsetprober.py,4801,
e69de29bb2d1d6434b8b29ae775ad8c2e48c5391,DELETE,regular-file,auth-frontend/.venv/Lib/site-packages/pip/_vendor/chardet/cli/__init__.py,0,
7926fa37e380d87dbcd30f9fce6cb46359f7d3bb,DELETE,regular-file,auth-frontend/.venv/Lib/site-packages/pip/_vendor/chardet/cli/chardetect.py,2406,
d3e3e825d6d2a6f2b50973bbf54d06fe9497002a,DELETE,regular-file,auth-frontend/.venv/Lib/site-packages/pip/_vendor/chardet/codingstatemachine.py,3559,
28a1f3dbb5785e8845e22db690b538f5159bb7f3,DELETE,regular-file,auth-frontend/.venv/Lib/site-packages/pip/_vendor/chardet/cp949prober.py,1838,
32a77e76c611b58c5a156f2c3e795ea70cc5682a,DELETE,regular-file,auth-frontend/.venv/Lib/site-packages/pip/_vendor/chardet/enums.py,1619,
d9926115dad0b8ed66e2a3f1b4ef815f2d92ab18,DELETE,regular-file,auth-frontend/.venv/Lib/site-packages/pip/_vendor/chardet/escprober.py,3864,
3aa0f4d962d6f90cd3def333070d1de0382092ef,DELETE,regular-file,auth-frontend/.venv/Lib/site-packages/pip/_vendor/chardet/escsm.py,12021,
abf2e66e283eb45c404e2d566c3933ae369324e8,DELETE,regular-file,auth-frontend/.venv/Lib/site-packages/pip/_vendor/chardet/eucjpprober.py,3676,
7dc3b10387d1c3d2da8b4e27e917ee2a85086e0c,DELETE,regular-file,auth-frontend/.venv/Lib/site-packages/pip/_vendor/chardet/euckrfreq.py,13566,
154a6d2162bb03e565a37b216d4be6c37800a4d6,DELETE,regular-file,auth-frontend/.venv/Lib/site-packages/pip/_vendor/chardet/euckrprober.py,1731,
4900ccc160a1dbf4de3a01c234735c21dd4417d6,DELETE,regular-file,auth-frontend/.venv/Lib/site-packages/pip/_vendor/chardet/euctwfreq.py,36913,
ca10a23ca436319fbc357900003dcadd9baf4e2c,DELETE,regular-file,auth-frontend/.venv/Lib/site-packages/pip/_vendor/chardet/euctwprober.py,1731,
b32bfc74213d93d434f1f3a47cb5d7d0bf4863d3,DELETE,regular-file,auth-frontend/.venv/Lib/site-packages/pip/_vendor/chardet/gb2312freq.py,20735,
251c042955e8af0cd9bb07d040a30250dd385e5e,DELETE,regular-file,auth-frontend/.venv/Lib/site-packages/pip/_vendor/chardet/gb2312prober.py,1737,
3ca634bf3738e9d93ff4dff08601fb9a7e0b8783,DELETE,regular-file,auth-frontend/.venv/Lib/site-packages/pip/_vendor/chardet/hebrewprober.py,13919,
3293576e012a1c931b5e89ebc065c67b65941084,DELETE,regular-file,auth-frontend/.venv/Lib/site-packages/pip/_vendor/chardet/jisfreq.py,25796,
c12969990d73388f61a6ab98fb4ee8f0f5cbc44f,DELETE,regular-file,auth-frontend/.venv/Lib/site-packages/pip/_vendor/chardet/johabfreq.py,42498,
6f359d193f73aec10b3f05aeff788fd274d4ebba,DELETE,regular-file,auth-frontend/.venv/Lib/site-packages/pip/_vendor/chardet/johabprober.py,1730,
7a8e5be0623904d577b8c51eb3d627af963638e5,DELETE,regular-file,auth-frontend/.venv/Lib/site-packages/pip/_vendor/chardet/jpcntx.py,26797,
994668219dd4def6404e0afd3f538b29a0e50f8b,DELETE,regular-file,auth-frontend/.venv/Lib/site-packages/pip/_vendor/chardet/langbulgarianmodel.py,104562,
cfb8639e5602578cb562ee7197d207dbb539cb74,DELETE,regular-file,auth-frontend/.venv/Lib/site-packages/pip/_vendor/chardet/langgreekmodel.py,98484,
56d2975877f092ac62ad403803f6456858affcba,DELETE,regular-file,auth-frontend/.venv/Lib/site-packages/pip/_vendor/chardet/langhebrewmodel.py,98196,
09a0d326b983b59b58f84b00e55fbe6909a23793,DELETE,regular-file,auth-frontend/.venv/Lib/site-packages/pip/_vendor/chardet/langhungarianmodel.py,101363,
39a5388948ef12b69b65fbfa89a84c6ef4a4bfd6,DELETE,regular-file,auth-frontend/.venv/Lib/site-packages/pip/_vendor/chardet/langrussianmodel.py,128035,
489cad930e0029fc2f8e5111df1bad38151a07a9,DELETE,regular-file,auth-frontend/.venv/Lib/site-packages/pip/_vendor/chardet/langthaimodel.py,102774,
291857c25c83f91a151c1d7760e8e5e09c1ee238,DELETE,regular-file,auth-frontend/.venv/Lib/site-packages/pip/_vendor/chardet/langturkishmodel.py,95372,
241f14ab914b26e0ec4f3dec7e734b72c5b43810,DELETE,regular-file,auth-frontend/.venv/Lib/site-packages/pip/_vendor/chardet/latin1prober.py,5260,
bf96ad5d490ae127dfc067d2a3cfe21fcc0e1edd,DELETE,regular-file,auth-frontend/.venv/Lib/site-packages/pip/_vendor/chardet/mbcharsetprober.py,3367,
94488360c4b15db311fdf88ef42e064d7d7b2c43,DELETE,regular-file,auth-frontend/.venv/Lib/site-packages/pip/_vendor/chardet/mbcsgroupprober.py,2056,
d3b9c4b75a23f65dd5f2d75a5e5a392708e18ee0,DELETE,regular-file,auth-frontend/.venv/Lib/site-packages/pip/_vendor/chardet/mbcssm.py,30068,
e69de29bb2d1d6434b8b29ae775ad8c2e48c5391,DELETE,regular-file,auth-frontend/.venv/Lib/site-packages/pip/_vendor/chardet/metadata/__init__.py,0,
1d37884c31e2fbd9330b4580a9edf67f13db9462,DELETE,regular-file,auth-frontend/.venv/Lib/site-packages/pip/_vendor/chardet/metadata/languages.py,13280,
31d70e154a9967c20f7a5c9090e7cf9384672a57,DELETE,regular-file,auth-frontend/.venv/Lib/site-packages/pip/_vendor/chardet/sbcharsetprober.py,6199,
cad001cb10ed3cfa1608c8e3d3cde1249bc5121c,DELETE,regular-file,auth-frontend/.venv/Lib/site-packages/pip/_vendor/chardet/sbcsgroupprober.py,4129,
3bcbdb71d1639b5cac8ff9c4461e1e36f6f4bb17,DELETE,regular-file,auth-frontend/.venv/Lib/site-packages/pip/_vendor/chardet/sjisprober.py,3749,
22fcf8290c1026d3ae35c6ae605a67b3f24c85e7,DELETE,regular-file,auth-frontend/.venv/Lib/site-packages/pip/_vendor/chardet/universaldetector.py,13288,
9fd1580b8378723fce2bc5b8c7460b72d7c778c6,DELETE,regular-file,auth-frontend/.venv/Lib/site-packages/pip/_vendor/chardet/utf1632prober.py,8289,
3aae09e863036b6185cf115047e441b15ea8c5e8,DELETE,regular-file,auth-frontend/.venv/Lib/site-packages/pip/_vendor/chardet/utf8prober.py,2709,
a08a06b9a8778863e91d1bd4cbaac6a4b9730a62,DELETE,regular-file,auth-frontend/.venv/Lib/site-packages/pip/_vendor/chardet/version.py,242,
9138a8cc8f044a031d4acada4c1cf6ef33e81397,DELETE,regular-file,auth-frontend/.venv/Lib/site-packages/pip/_vendor/colorama/__init__.py,239,
11ec695ff79627463a0282d25079527562de9e42,DELETE,regular-file,auth-frontend/.venv/Lib/site-packages/pip/_vendor/colorama/ansi.py,2522,
3db248baac44bcfc3e801f4b67a6b368eb1b4af4,DELETE,regular-file,auth-frontend/.venv/Lib/site-packages/pip/_vendor/colorama/ansitowin32.py,10830,
430d0668727cd0521270a52c962867907d743b34,DELETE,regular-file,auth-frontend/.venv/Lib/site-packages/pip/_vendor/colorama/initialise.py,1915,
c2d836033673993e00a02d5a3802b61cd051cf08,DELETE,regular-file,auth-frontend/.venv/Lib/site-packages/pip/_vendor/colorama/win32.py,5404,
0fdb4ec4e91090876dc3fbf207049b521fa0dd73,DELETE,regular-file,auth-frontend/.venv/Lib/site-packages/pip/_vendor/colorama/winterm.py,6438,
962173c8d0a6906b59f2910c9cae759010534786,DELETE,regular-file,auth-frontend/.venv/Lib/site-packages/pip/_vendor/distlib/__init__.py,581,
1fe3d225acb9bf37acffafc2198dc96c7c7fd313,DELETE,regular-file,auth-frontend/.venv/Lib/site-packages/pip/_vendor/distlib/compat.py,41259,
5db5d7f507c1d150e6b36f236df7ee61c0f65581,DELETE,regular-file,auth-frontend/.venv/Lib/site-packages/pip/_vendor/distlib/database.py,51697,
9b6d129ed690361770738bec73f44ba7e10a21c5,DELETE,regular-file,auth-frontend/.venv/Lib/site-packages/pip/_vendor/distlib/index.py,20834,
966ebc0e37d6104a8e0e1fefe9dc526f39409ce2,DELETE,regular-file,auth-frontend/.venv/Lib/site-packages/pip/_vendor/distlib/locators.py,51991,
ca0fe442d9ca499466df9438df16eca405c5f102,DELETE,regular-file,auth-frontend/.venv/Lib/site-packages/pip/_vendor/distlib/manifest.py,14811,
9dc68410337dcf4619ef66a49d87cea8233bc057,DELETE,regular-file,auth-frontend/.venv/Lib/site-packages/pip/_vendor/distlib/markers.py,5058,
c329e1977fd1ed403bb65529296d5c803a6b289f,DELETE,regular-file,auth-frontend/.venv/Lib/site-packages/pip/_vendor/distlib/metadata.py,39801,
fef52aa103ea369c96567b9af2a5a0ba14db5cb9,DELETE,regular-file,auth-frontend/.venv/Lib/site-packages/pip/_vendor/distlib/resources.py,10820,
d2706242b8aac125a66450d5ce8dcd3395336182,DELETE,regular-file,auth-frontend/.venv/Lib/site-packages/pip/_vendor/distlib/scripts.py,18102,
52154f0be32cc2bdbf98af131d477900667d0abd,DELETE,regular-file,auth-frontend/.venv/Lib/site-packages/pip/_vendor/distlib/t32.exe,97792,
e1ab8f8f589eadabaf3efa068dce3ff620a01898,DELETE,regular-file,auth-frontend/.venv/Lib/site-packages/pip/_vendor/distlib/t64-arm.exe,182784,
e8bebdba6d8f242244bf397ab067965d47c5093e,DELETE,regular-file,auth-frontend/.venv/Lib/site-packages/pip/_vendor/distlib/t64.exe,108032,
dd01849d997e5ae9dc9809295e29ceb871b14216,DELETE,regular-file,auth-frontend/.venv/Lib/site-packages/pip/_vendor/distlib/util.py,66262,
c7c8bb6ff4f8ed84e466a66cac6b953b901626ea,DELETE,regular-file,auth-frontend/.venv/Lib/site-packages/pip/_vendor/distlib/version.py,23513,
4ee2d3a31b59e8b50f433ecdf0be9e496e8cc3b8,DELETE,regular-file,auth-frontend/.venv/Lib/site-packages/pip/_vendor/distlib/w32.exe,91648,
951d5817c9e6d81c94a173a0d9fead7f1f143331,DELETE,regular-file,auth-frontend/.venv/Lib/site-packages/pip/_vendor/distlib/w64-arm.exe,168448,
5763076d2878093971a0ef9870e1cde7f556b18b,DELETE,regular-file,auth-frontend/.venv/Lib/site-packages/pip/_vendor/distlib/w64.exe,101888,
028c2d99b57782ed3bb268ce522ede37c1704d98,DELETE,regular-file,auth-frontend/.venv/Lib/site-packages/pip/_vendor/distlib/wheel.py,43898,
7686fe85a7cc94188da76bfb1c10ad2a10821256,DELETE,regular-file,auth-frontend/.venv/Lib/site-packages/pip/_vendor/distro/__init__.py,981,
0c01d5b08b6b44379b931d54d7fcf5221fdc9fde,DELETE,regular-file,auth-frontend/.venv/Lib/site-packages/pip/_vendor/distro/__main__.py,64,
49066ae83646acf39fc4a1d38796d6b5b70e184d,DELETE,regular-file,auth-frontend/.venv/Lib/site-packages/pip/_vendor/distro/distro.py,48841,
a40eeafcc914108ca79c5d83d6e81da1b29c6e80,DELETE,regular-file,auth-frontend/.venv/Lib/site-packages/pip/_vendor/idna/__init__.py,849,
1ca9ba62c208527b796b49306f4b8c95eb868a51,DELETE,regular-file,auth-frontend/.venv/Lib/site-packages/pip/_vendor/idna/codec.py,3374,
786e6bda63699b72d588ba91dd73df017570aee5,DELETE,regular-file,auth-frontend/.venv/Lib/site-packages/pip/_vendor/idna/compat.py,321,
4f3003711020eac05ef5a19ab29ba5670d89f642,DELETE,regular-file,auth-frontend/.venv/Lib/site-packages/pip/_vendor/idna/core.py,12950,
67db4625829680298b2a5a9032a379d870a00700,DELETE,regular-file,auth-frontend/.venv/Lib/site-packages/pip/_vendor/idna/idnadata.py,44375,
6a43b0475347cb50d0d65ada1000a82eeca9e882,DELETE,regular-file,auth-frontend/.venv/Lib/site-packages/pip/_vendor/idna/intranges.py,1881,
8501893bd153b7216524084cad23e90aeac0b1f8,DELETE,regular-file,auth-frontend/.venv/Lib/site-packages/pip/_vendor/idna/package_data.py,21,
186796c17b25c1e766112ef4d9f16bb2dea4b306,DELETE,regular-file,auth-frontend/.venv/Lib/site-packages/pip/_vendor/idna/uts46data.py,206539,
5071021898725e4f787daf6c3624ae7f25a018f7,DELETE,regular-file,auth-frontend/.venv/Lib/site-packages/pip/_vendor/msgpack/__init__.py,1132,
d6d2615cfdd0b914d064cdf7eecd45761e4bcaf6,DELETE,regular-file,auth-frontend/.venv/Lib/site-packages/pip/_vendor/msgpack/exceptions.py,1081,
25544c555648c13762e150ea559d3a69674bdd34,DELETE,regular-file,auth-frontend/.venv/Lib/site-packages/pip/_vendor/msgpack/ext.py,6080,
f560c7b55099976eb29781ed47fdbf92db3c10f8,DELETE,regular-file,auth-frontend/.venv/Lib/site-packages/pip/_vendor/msgpack/fallback.py,34557,
3551bc2d29846441299cf57b397b02fc164c99b9,DELETE,regular-file,auth-frontend/.venv/Lib/site-packages/pip/_vendor/packaging/__about__.py,661,
3c50c5dcfeeda2efed282200a5c5cc8c5f7542f7,DELETE,regular-file,auth-frontend/.venv/Lib/site-packages/pip/_vendor/packaging/__init__.py,497,
4c379aa6f69ff56c8f19612002c6e3e939ea6012,DELETE,regular-file,auth-frontend/.venv/Lib/site-packages/pip/_vendor/packaging/_manylinux.py,11488,
8ac3059ba3c246b9a5a6fb8d14936bb07777191e,DELETE,regular-file,auth-frontend/.venv/Lib/site-packages/pip/_vendor/packaging/_musllinux.py,4378,
90a6465f9682c886363eea5327dac64bf623a6ff,DELETE,regular-file,auth-frontend/.venv/Lib/site-packages/pip/_vendor/packaging/_structures.py,1431,
540e7a4dc79d02a820e291b57c43335d5aa25a41,DELETE,regular-file,auth-frontend/.venv/Lib/site-packages/pip/_vendor/packaging/markers.py,8487,
1eab7dd66d9bfdefea1a0e159303f1c09fa16d67,DELETE,regular-file,auth-frontend/.venv/Lib/site-packages/pip/_vendor/packaging/requirements.py,4676,
0e218a6f9f75ea2060a8b08d1f1a043fdad68df8,DELETE,regular-file,auth-frontend/.venv/Lib/site-packages/pip/_vendor/packaging/specifiers.py,30110,
9a3d25a71c75c975291cf987001ecd6882d6417d,DELETE,regular-file,auth-frontend/.venv/Lib/site-packages/pip/_vendor/packaging/tags.py,15699,
bab11b80c60f10a4f3bccb12eb5b17c48a449767,DELETE,regular-file,auth-frontend/.venv/Lib/site-packages/pip/_vendor/packaging/utils.py,4200,
de9a09a4ed3b078b37e7490a6686f660ae935aca,DELETE,regular-file,auth-frontend/.venv/Lib/site-packages/pip/_vendor/packaging/version.py,14665,
38ea0f5f11f434fc2d006556efb96bd7998f4e9b,DELETE,regular-file,auth-frontend/.venv/Lib/site-packages/pip/_vendor/pep517/__init__.py,130,
95e509c0143e14e6371ec3cd1433ffec50c297fc,DELETE,regular-file,auth-frontend/.venv/Lib/site-packages/pip/_vendor/pep517/_compat.py,138,
b30909c8704a5954ef5250ef890ed4cb1d50cf07,DELETE,regular-file,auth-frontend/.venv/Lib/site-packages/pip/_vendor/pep517/build.py,3443,
b79f6270b4060ce3c40fc8800ac248f91b21fe22,DELETE,regular-file,auth-frontend/.venv/Lib/site-packages/pip/_vendor/pep517/check.py,6083,
66310a79a997be2f4e859218ce4d4f70e212ac9f,DELETE,regular-file,auth-frontend/.venv/Lib/site-packages/pip/_vendor/pep517/colorlog.py,3994,
3eff4d801ba9bc29ceb80149cd949456b5db27db,DELETE,regular-file,auth-frontend/.venv/Lib/site-packages/pip/_vendor/pep517/dirtools.py,607,
c0415c4d7385bbd296ec51613e8cf5e4a986097d,DELETE,regular-file,auth-frontend/.venv/Lib/site-packages/pip/_vendor/pep517/envbuild.py,6081,
281a356cfe262b2dffa5cf0e7241dc9c50e0b752,DELETE,regular-file,auth-frontend/.venv/Lib/site-packages/pip/_vendor/pep517/in_process/__init__.py,872,
ae4cf9e9cee11732722bd29bcfe110cefe09d835,DELETE,regular-file,auth-frontend/.venv/Lib/site-packages/pip/_vendor/pep517/in_process/_in_process.py,10801,
4afc3c047a70035cdeeb63b40fd23aa1ad7a4363,DELETE,regular-file,auth-frontend/.venv/Lib/site-packages/pip/_vendor/pep517/meta.py,2520,
987a62aaa99beceaf646ac770c70d19050610e92,DELETE,regular-file,auth-frontend/.venv/Lib/site-packages/pip/_vendor/pep517/wrappers.py,12721,
4cd562cf94c6d16f6b2b49b38549db9b914a6178,DELETE,regular-file,auth-frontend/.venv/Lib/site-packages/pip/_vendor/pkg_resources/__init__.py,108287,
a2d3007ceb16b0eeb4b1f57361c089558a25daeb,DELETE,regular-file,auth-frontend/.venv/Lib/site-packages/pip/_vendor/pkg_resources/py31compat.py,562,
9d513dcf17767c6f80d721cb4191decc7633571c,DELETE,regular-file,auth-frontend/.venv/Lib/site-packages/pip/_vendor/platformdirs/__init__.py,12831,
9c54bfb438d241ad17ce15d1e1346200ddf46b1c,DELETE,regular-file,auth-frontend/.venv/Lib/site-packages/pip/_vendor/platformdirs/__main__.py,1176,
eda80935123cb5db7e18d7fb82fe5f71991d7af8,DELETE,regular-file,auth-frontend/.venv/Lib/site-packages/pip/_vendor/platformdirs/android.py,4068,
6f6e2c2c69d25dba4d1038a2d548fbf68017f91b,DELETE,regular-file,auth-frontend/.venv/Lib/site-packages/pip/_vendor/platformdirs/api.py,4910,
a01337c7764e1e1aba1f3ba378a1c9241f31806d,DELETE,regular-file,auth-frontend/.venv/Lib/site-packages/pip/_vendor/platformdirs/macos.py,2655,
2fbd4d4f367863ff0cf635fddc5f6e44383e7d94,DELETE,regular-file,auth-frontend/.venv/Lib/site-packages/pip/_vendor/platformdirs/unix.py,6910,
4552c02aff927f3c833e3a617d38c00e36b05ead,DELETE,regular-file,auth-frontend/.venv/Lib/site-packages/pip/_vendor/platformdirs/version.py,78,
ef972bdf29ce91b5abe3714eb92587458cf3f03c,DELETE,regular-file,auth-frontend/.venv/Lib/site-packages/pip/_vendor/platformdirs/windows.py,6439,
7185e5376944e2e7f4947d160ad56fc92fc90aa6,DELETE,regular-file,auth-frontend/.venv/Lib/site-packages/pip/_vendor/pygments/__init__.py,2999,
90cafd93426f6fb2e8ad57b140b7ae163a67a4a4,DELETE,regular-file,auth-frontend/.venv/Lib/site-packages/pip/_vendor/pygments/__main__.py,353,
de73b06b4cfa3b68a25455148c7e086b32676e95,DELETE,regular-file,auth-frontend/.venv/Lib/site-packages/pip/_vendor/pygments/cmdline.py,23685,
2ada68e03b3c018e3ddbbf3356a48a1d580aa251,DELETE,regular-file,auth-frontend/.venv/Lib/site-packages/pip/_vendor/pygments/console.py,1697,
e5c9664938215620d656605ff0a7a5e7636370d2,DELETE,regular-file,auth-frontend/.venv/Lib/site-packages/pip/_vendor/pygments/filter.py,1938,
c302a6c0c53d7efa8767bd55da2a73535bea0cbf,DELETE,regular-file,auth-frontend/.venv/Lib/site-packages/pip/_vendor/pygments/filters/__init__.py,40386,
a2349ef8652c659388ba69477c01989f2e4ce17d,DELETE,regular-file,auth-frontend/.venv/Lib/site-packages/pip/_vendor/pygments/formatter.py,2917,
43c4c89aacf0c771de138e1f58decf9fb592f62f,DELETE,regular-file,auth-frontend/.venv/Lib/site-packages/pip/_vendor/pygments/formatters/__init__.py,4810,
6e34f9607847cb74f8469823c01776baf8216b59,DELETE,regular-file,auth-frontend/.venv/Lib/site-packages/pip/_vendor/pygments/formatters/_mapping.py,4104,
2be2b4e31292d8364b404f16ef4c654f9d89681a,DELETE,regular-file,auth-frontend/.venv/Lib/site-packages/pip/_vendor/pygments/formatters/bbcode.py,3314,
f3dcbce9b9fa2904fc361ef09139aeec3568685e,DELETE,regular-file,auth-frontend/.venv/Lib/site-packages/pip/_vendor/pygments/formatters/groff.py,5086,
d5cda4c4bc33d46e83c0f404efdb51e647202a1d,DELETE,regular-file,auth-frontend/.venv/Lib/site-packages/pip/_vendor/pygments/formatters/html.py,35441,
0f36a32ba3399efc216b9974254cd1f7eed07a9f,DELETE,regular-file,auth-frontend/.venv/Lib/site-packages/pip/_vendor/pygments/formatters/img.py,21938,
3f6d52deb4cd717bd974e7b4dd65c46cb6a45284,DELETE,regular-file,auth-frontend/.venv/Lib/site-packages/pip/_vendor/pygments/formatters/irc.py,5871,
4a7375a5ceb4b47894af47d1c1965476f95764ba,DELETE,regular-file,auth-frontend/.venv/Lib/site-packages/pip/_vendor/pygments/formatters/latex.py,19351,
1e39cd42a8cc6ad2a4eceae5c2fb07a477a51dd6,DELETE,regular-file,auth-frontend/.venv/Lib/site-packages/pip/_vendor/pygments/formatters/other.py,5073,
bd00866b8b95a98edc8956608e895a6329a944a0,DELETE,regular-file,auth-frontend/.venv/Lib/site-packages/pip/_vendor/pygments/formatters/pangomarkup.py,2212,
4114d1688c37f7dcc46d95528bdf34af4f75ceb3,DELETE,regular-file,auth-frontend/.venv/Lib/site-packages/pip/_vendor/pygments/formatters/rtf.py,5014,
075150a4b586d668c1666513fbf90463cdbb11ab,DELETE,regular-file,auth-frontend/.venv/Lib/site-packages/pip/_vendor/pygments/formatters/svg.py,7335,
e0bda16a236bfcf2c17068f2ff0cb8551830244a,DELETE,regular-file,auth-frontend/.venv/Lib/site-packages/pip/_vendor/pygments/formatters/terminal.py,4674,
201b3c3283218f45d5cfa192a07c9e9d991eaaff,DELETE,regular-file,auth-frontend/.venv/Lib/site-packages/pip/_vendor/pygments/formatters/terminal256.py,11753,
ec7f4de32cfdf58f2bf54cc9fec089ac78b2a276,DELETE,regular-file,auth-frontend/.venv/Lib/site-packages/pip/_vendor/pygments/lexer.py,32005,
ed69f24ed355e849b54dd0c3c8374c760b4b34b8,DELETE,regular-file,auth-frontend/.venv/Lib/site-packages/pip/_vendor/pygments/lexers/__init__.py,11174,
40dcaa3c77855d6f589d75ad6ea48ec33d2e35fb,DELETE,regular-file,auth-frontend/.venv/Lib/site-packages/pip/_vendor/pygments/lexers/_mapping.py,70232,
c24e3c86ef2a991227fd87fa447eb433c51c1e0e,DELETE,regular-file,auth-frontend/.venv/Lib/site-packages/pip/_vendor/pygments/lexers/python.py,53376,
43630835ca677066a315ac0a04d17cb6839da38d,DELETE,regular-file,auth-frontend/.venv/Lib/site-packages/pip/_vendor/pygments/modeline.py,986,
3590bee8d29a7670d5c0e94c2a1c83c83670e766,DELETE,regular-file,auth-frontend/.venv/Lib/site-packages/pip/_vendor/pygments/plugin.py,2591,
ae0079199b9b026f327aaaa729411f1a43c6cb60,DELETE,regular-file,auth-frontend/.venv/Lib/site-packages/pip/_vendor/pygments/regexopt.py,3072,
d47ed4828a0a671d46908a25f6ef0733801d6fb9,DELETE,regular-file,auth-frontend/.venv/Lib/site-packages/pip/_vendor/pygments/scanner.py,3092,
c41bd49dd45da2f97af9b314fe9631b327c69680,DELETE,regular-file,auth-frontend/.venv/Lib/site-packages/pip/_vendor/pygments/sphinxext.py,4630,
84abbc20599f034626779702abc2303901d83ee5,DELETE,regular-file,auth-frontend/.venv/Lib/site-packages/pip/_vendor/pygments/style.py,6257,
44cc0efb086e82e562905efdfdd5e28580b56ecc,DELETE,regular-file,auth-frontend/.venv/Lib/site-packages/pip/_vendor/pygments/styles/__init__.py,3419,
e3e565ad591485563a93db89609213c00ca16ca3,DELETE,regular-file,auth-frontend/.venv/Lib/site-packages/pip/_vendor/pygments/token.py,6184,
2e3c80869d9c1a70ee003d054a53f49c3f53a556,DELETE,regular-file,auth-frontend/.venv/Lib/site-packages/pip/_vendor/pygments/unistring.py,63187,
8032962dc994bd2b62e98f02016c88d0994e2f58,DELETE,regular-file,auth-frontend/.venv/Lib/site-packages/pip/_vendor/pygments/util.py,9110,
75372500ed943aefb1197b662b8212dd44e4537c,DELETE,regular-file,auth-frontend/.venv/Lib/site-packages/pip/_vendor/pyparsing/__init__.py,9171,
f72c66e743146c7a5b70a5440e9ab5459f10245b,DELETE,regular-file,auth-frontend/.venv/Lib/site-packages/pip/_vendor/pyparsing/actions.py,6426,
1859fb79cc4e78850b69742fca56698041ce59f8,DELETE,regular-file,auth-frontend/.venv/Lib/site-packages/pip/_vendor/pyparsing/common.py,12936,
6ff3c766f7dd9f4111cbd9d2a5f668e4435798b5,DELETE,regular-file,auth-frontend/.venv/Lib/site-packages/pip/_vendor/pyparsing/core.py,213344,
1506d66bf4e93afb60ad46c23f234b31c46b3a7e,DELETE,regular-file,auth-frontend/.venv/Lib/site-packages/pip/_vendor/pyparsing/diagram/__init__.py,23685,
a38447bb05bd5d503a32651d6046ff8667785c0c,DELETE,regular-file,auth-frontend/.venv/Lib/site-packages/pip/_vendor/pyparsing/exceptions.py,9023,
9588b3b780159a2a2d23c7f84a4404ec350e2b65,DELETE,regular-file,auth-frontend/.venv/Lib/site-packages/pip/_vendor/pyparsing/helpers.py,39129,
00c9421d3b0362526b8f90dc01e8db73841e0b61,DELETE,regular-file,auth-frontend/.venv/Lib/site-packages/pip/_vendor/pyparsing/results.py,25341,
84a0ef17078c99e5917db41e3dbaf035fe206d7c,DELETE,regular-file,auth-frontend/.venv/Lib/site-packages/pip/_vendor/pyparsing/testing.py,13402,
06526203911de55da3c2a8c5ae73f48024c3f018,DELETE,regular-file,auth-frontend/.venv/Lib/site-packages/pip/_vendor/pyparsing/unicode.py,10787,
34ce092c6d08d9cdc2704840b7539de7b5ae1dcc,DELETE,regular-file,auth-frontend/.venv/Lib/site-packages/pip/_vendor/pyparsing/util.py,6805,
9e97059d1dbd1bdfd7a97e06c793de38289823c3,DELETE,regular-file,auth-frontend/.venv/Lib/site-packages/pip/_vendor/requests/__init__.py,5178,
e725ada6550b0c1631dccf1cc4c1d494031aea8c,DELETE,regular-file,auth-frontend/.venv/Lib/site-packages/pip/_vendor/requests/__version__.py,440,
7dc9bc53360e95abfa99fe1ebd205a3d3ac620e6,DELETE,regular-file,auth-frontend/.venv/Lib/site-packages/pip/_vendor/requests/_internal_utils.py,1397,
f68f7d467530845447278f6c0ad104b4beca9531,DELETE,regular-file,auth-frontend/.venv/Lib/site-packages/pip/_vendor/requests/adapters.py,21443,
2f71aaed1afc2f43ae5a58d951896b91e0327abc,DELETE,regular-file,auth-frontend/.venv/Lib/site-packages/pip/_vendor/requests/api.py,6377,
9733686ddb36b826ead4f4666d42311397fa6fec,DELETE,regular-file,auth-frontend/.venv/Lib/site-packages/pip/_vendor/requests/auth.py,10187,
38696a1fb3419dd810004d5aec9654e5224042ed,DELETE,regular-file,auth-frontend/.venv/Lib/site-packages/pip/_vendor/requests/certs.py,575,
9ab2bb48656520a95ec9ac87d090f2e741f0e544,DELETE,regular-file,auth-frontend/.venv/Lib/site-packages/pip/_vendor/requests/compat.py,1286,
bf54ab237e410603061b8cec8fd195912d3cfb08,DELETE,regular-file,auth-frontend/.venv/Lib/site-packages/pip/_vendor/requests/cookies.py,18560,
168d07390dfc366102b8197e4b271e493bd94d11,DELETE,regular-file,auth-frontend/.venv/Lib/site-packages/pip/_vendor/requests/exceptions.py,3823,
2d292c2f062cd80cd108aac503eae7b635ceec8d,DELETE,regular-file,auth-frontend/.venv/Lib/site-packages/pip/_vendor/requests/help.py,3879,
d181ba2ec2e55d274897315887b78fbdca757da8,DELETE,regular-file,auth-frontend/.venv/Lib/site-packages/pip/_vendor/requests/hooks.py,733,
b45e8103258df99bc56826f2b9741a811cf4c030,DELETE,regular-file,auth-frontend/.venv/Lib/site-packages/pip/_vendor/requests/models.py,35287,
9582fa730f121634348a79c1a8b0cc2df99c616f,DELETE,regular-file,auth-frontend/.venv/Lib/site-packages/pip/_vendor/requests/packages.py,695,
6cb3b4dae397930fba60e4c08b25b9444783b6f7,DELETE,regular-file,auth-frontend/.venv/Lib/site-packages/pip/_vendor/requests/sessions.py,30180,
4bd072be9769748a852740d037d5c63021472c9d,DELETE,regular-file,auth-frontend/.venv/Lib/site-packages/pip/_vendor/requests/status_codes.py,4235,
188e13e4829591facb23ae0e2eda84b9807cb818,DELETE,regular-file,auth-frontend/.venv/Lib/site-packages/pip/_vendor/requests/structures.py,2912,
33f394d265d5da17dd5b3c2467e2e4e71af1395d,DELETE,regular-file,auth-frontend/.venv/Lib/site-packages/pip/_vendor/requests/utils.py,33240,
ce05fd3027447fdc64986ecdee950643822e45e6,DELETE,regular-file,auth-frontend/.venv/Lib/site-packages/pip/_vendor/resolvelib/__init__.py,537,
e69de29bb2d1d6434b8b29ae775ad8c2e48c5391,DELETE,regular-file,auth-frontend/.venv/Lib/site-packages/pip/_vendor/resolvelib/compat/__init__.py,0,
1becc5093c5ab8e196bb9fee415e2381e7158fc3,DELETE,regular-file,auth-frontend/.venv/Lib/site-packages/pip/_vendor/resolvelib/compat/collections_abc.py,156,
7d0a9c22a4656951910a9fbb70af59a0706cadde,DELETE,regular-file,auth-frontend/.venv/Lib/site-packages/pip/_vendor/resolvelib/providers.py,5872,
6695480fff4c87608ac2002dfb341f90ed1a5ce4,DELETE,regular-file,auth-frontend/.venv/Lib/site-packages/pip/_vendor/resolvelib/reporters.py,1583,
787681b03e9ec2fd4490de10cdc95e58c893c8b5,DELETE,regular-file,auth-frontend/.venv/Lib/site-packages/pip/_vendor/resolvelib/resolvers.py,17592,
93d1568bd4d5d63281b798b09cedbafdfaa158ee,DELETE,regular-file,auth-frontend/.venv/Lib/site-packages/pip/_vendor/resolvelib/structs.py,4794,
d35875dbb817576dd3e4b6036eae37c21f91f192,DELETE,regular-file,auth-frontend/.venv/Lib/site-packages/pip/_vendor/rich/__init__.py,5944,
54e6d5e8ab2dceaba2a738d886ffa4129952bbb0,DELETE,regular-file,auth-frontend/.venv/Lib/site-packages/pip/_vendor/rich/__main__.py,8808,
36286df379e28ea997bea3ee1fd62cadebebbba9,DELETE,regular-file,auth-frontend/.venv/Lib/site-packages/pip/_vendor/rich/_cell_widths.py,10096,
1f2877bb2bd520253502b1c05bb811bb0d7ef64c,DELETE,regular-file,auth-frontend/.venv/Lib/site-packages/pip/_vendor/rich/_emoji_codes.py,140235,
bb2cafa18011e7115773055338291c366f173d6f,DELETE,regular-file,auth-frontend/.venv/Lib/site-packages/pip/_vendor/rich/_emoji_replace.py,1064,
b79c13069b9f5a7d7fc1d8c3364d3cd66c80c60f,DELETE,regular-file,auth-frontend/.venv/Lib/site-packages/pip/_vendor/rich/_export_format.py,2114,
cbd6da9be4956ce8558304ed72ffbe88ccd22ba5,DELETE,regular-file,auth-frontend/.venv/Lib/site-packages/pip/_vendor/rich/_extension.py,265,
30446ceb3f0235721e435f5fbd53f2e306f078cd,DELETE,regular-file,auth-frontend/.venv/Lib/site-packages/pip/_vendor/rich/_inspect.py,9695,
fc16c84437a8a34231c44d3f0a331459ddcb0f34,DELETE,regular-file,auth-frontend/.venv/Lib/site-packages/pip/_vendor/rich/_log_render.py,3225,
01c6cafbe53f1fcb12f7b382b2b35e2fd2c69933,DELETE,regular-file,auth-frontend/.venv/Lib/site-packages/pip/_vendor/rich/_loop.py,1236,
3c748d33e45bfcdc690ceee490cbb50b516cd2b3,DELETE,regular-file,auth-frontend/.venv/Lib/site-packages/pip/_vendor/rich/_palettes.py,7063,
4f6d8b2d79406012c5f8bae9c289ed5bf4d179cc,DELETE,regular-file,auth-frontend/.venv/Lib/site-packages/pip/_vendor/rich/_pick.py,423,
e8a3a674e0070159b956c29c5092b0f72abc969d,DELETE,regular-file,auth-frontend/.venv/Lib/site-packages/pip/_vendor/rich/_ratio.py,5472,
d0bb1fe751677f0ee83fc6bb876ed72443fdcde7,DELETE,regular-file,auth-frontend/.venv/Lib/site-packages/pip/_vendor/rich/_spinners.py,19919,
194564e761ddae165b39ef6598877e2e3820af0a,DELETE,regular-file,auth-frontend/.venv/Lib/site-packages/pip/_vendor/rich/_stack.py,351,
a2ca6be03c43054caaa3660998273ebf704345dd,DELETE,regular-file,auth-frontend/.venv/Lib/site-packages/pip/_vendor/rich/_timer.py,417,
81b1082905338a74b72b9de432ece50a456687bc,DELETE,regular-file,auth-frontend/.venv/Lib/site-packages/pip/_vendor/rich/_win32_console.py,22820,
10fc0d7e9f398dd550a42c6b8c0637684882ee60,DELETE,regular-file,auth-frontend/.venv/Lib/site-packages/pip/_vendor/rich/_windows.py,1926,
5ece05649e7268a75c82de6ced552619ffc093ab,DELETE,regular-file,auth-frontend/.venv/Lib/site-packages/pip/_vendor/rich/_windows_renderer.py,2783,
c45f193f74ad7385c84f3b935663198415cfaa4b,DELETE,regular-file,auth-frontend/.venv/Lib/site-packages/pip/_vendor/rich/_wrap.py,1840,
e6e498efabfab0dcf31cd7731f8f821cc423bc4f,DELETE,regular-file,auth-frontend/.venv/Lib/site-packages/pip/_vendor/rich/abc.py,890,
d5abb5947325728d0645cb4b7c701bb0b1c06d48,DELETE,regular-file,auth-frontend/.venv/Lib/site-packages/pip/_vendor/rich/align.py,10368,
d4c32cef1eeb248399a5df1f6bc1ac8763e798d6,DELETE,regular-file,auth-frontend/.venv/Lib/site-packages/pip/_vendor/rich/ansi.py,6820,
ed86a552d1ca6baa0cfd48ec73a7a5c952d047c9,DELETE,regular-file,auth-frontend/.venv/Lib/site-packages/pip/_vendor/rich/bar.py,3264,
d0b07cf57e0f8c8694e87ad0d07400cc3d63e94f,DELETE,regular-file,auth-frontend/.venv/Lib/site-packages/pip/_vendor/rich/box.py,9864,
139b949f7f2dad487477ec18a635de9865d29d69,DELETE,regular-file,auth-frontend/.venv/Lib/site-packages/pip/_vendor/rich/cells.py,4503,
6bca2da922c59151f42354ea92616faa1c6b37be,DELETE,regular-file,auth-frontend/.venv/Lib/site-packages/pip/_vendor/rich/color.py,17957,
02cab328251af9bfa809981aaa44933c407e2cd7,DELETE,regular-file,auth-frontend/.venv/Lib/site-packages/pip/_vendor/rich/color_triplet.py,1054,
669a3a7074f9a9e1af29cb4bc78b05851df67959,DELETE,regular-file,auth-frontend/.venv/Lib/site-packages/pip/_vendor/rich/columns.py,7131,
93a10b0b50025a1f7e08e908ee6a0deb9a3f3767,DELETE,regular-file,auth-frontend/.venv/Lib/site-packages/pip/_vendor/rich/console.py,95885,
65fdf56342e8b5b8e181914881025231684e1871,DELETE,regular-file,auth-frontend/.venv/Lib/site-packages/pip/_vendor/rich/constrain.py,1288,
e29cf368991ccb083b67cda8133e4635defbfe53,DELETE,regular-file,auth-frontend/.venv/Lib/site-packages/pip/_vendor/rich/containers.py,5497,
88fcb9295164f4e18827ef61fff6723e94ef7381,DELETE,regular-file,auth-frontend/.venv/Lib/site-packages/pip/_vendor/rich/control.py,6630,
46e9ea52c54d067db5fba0ae0e9af34d910417a3,DELETE,regular-file,auth-frontend/.venv/Lib/site-packages/pip/_vendor/rich/default_styles.py,7954,
ad36183898eddb11e33ccb7623c0291ccc0f091d,DELETE,regular-file,auth-frontend/.venv/Lib/site-packages/pip/_vendor/rich/diagnose.py,972,
791f0465de136088e33cdc6ef5696590df1e4f86,DELETE,regular-file,auth-frontend/.venv/Lib/site-packages/pip/_vendor/rich/emoji.py,2501,
0bcbe53ef59373c608e62ea285536f8b22b47ecb,DELETE,regular-file,auth-frontend/.venv/Lib/site-packages/pip/_vendor/rich/errors.py,642,
cc69f22f3cc021fe5d1147d628eeca804be43b8b,DELETE,regular-file,auth-frontend/.venv/Lib/site-packages/pip/_vendor/rich/file_proxy.py,1616,
61be47510f091f7e9ad01fa74a3715e1553077c5,DELETE,regular-file,auth-frontend/.venv/Lib/site-packages/pip/_vendor/rich/filesize.py,2507,
82293dffc492ea50b16335fd411b255dd5dfca57,DELETE,regular-file,auth-frontend/.venv/Lib/site-packages/pip/_vendor/rich/highlighter.py,9585,
23583871e8f2a466abec0bce1397fb495b9c212d,DELETE,regular-file,auth-frontend/.venv/Lib/site-packages/pip/_vendor/rich/json.py,5051,
22f4d716ac9764ee18005b9b852946d614152375,DELETE,regular-file,auth-frontend/.venv/Lib/site-packages/pip/_vendor/rich/jupyter.py,3252,
1d704652eef10a65a439e675107eacd3149e08f1,DELETE,regular-file,auth-frontend/.venv/Lib/site-packages/pip/_vendor/rich/layout.py,14074,
e635fe5c97ee7f3d20222566444cf0da63b82526,DELETE,regular-file,auth-frontend/.venv/Lib/site-packages/pip/_vendor/rich/live.py,14172,
b90fbf7f35097694f727e201b0b378942d70a443,DELETE,regular-file,auth-frontend/.venv/Lib/site-packages/pip/_vendor/rich/live_render.py,3667,
58188fd8a841ecfe54afab4b862af18bf3826205,DELETE,regular-file,auth-frontend/.venv/Lib/site-packages/pip/_vendor/rich/logging.py,11471,
fd80d8c1129722b84771bd6a0f6ccfd57f5cf78e,DELETE,regular-file,auth-frontend/.venv/Lib/site-packages/pip/_vendor/rich/markup.py,8198,
a508ffa80bd715b47c190ed9d747dbc388fa5b19,DELETE,regular-file,auth-frontend/.venv/Lib/site-packages/pip/_vendor/rich/measure.py,5305,
1b2204f59f2ce4d9c8f2cca85326e4d81f8805bb,DELETE,regular-file,auth-frontend/.venv/Lib/site-packages/pip/_vendor/rich/padding.py,4970,
a3f7aa62af1ee2690e1e17ee41f3c368953625b8,DELETE,regular-file,auth-frontend/.venv/Lib/site-packages/pip/_vendor/rich/pager.py,828,
fa0c4dd40381addf5b42fae4228b6d8fef03abd9,DELETE,regular-file,auth-frontend/.venv/Lib/site-packages/pip/_vendor/rich/palette.py,3396,
fc2807c3136558272e0d341f39cf55451b5ce452,DELETE,regular-file,auth-frontend/.venv/Lib/site-packages/pip/_vendor/rich/panel.py,8744,
4a5ddaaf7a1649921850248146b6be7b10ccba23,DELETE,regular-file,auth-frontend/.venv/Lib/site-packages/pip/_vendor/rich/pretty.py,36576,
92cfa8023021551b92869ac3cc27e78935602864,DELETE,regular-file,auth-frontend/.venv/Lib/site-packages/pip/_vendor/rich/progress.py,59746,
9c3a4f25a2cea5c19eed8c5d2645fa11275b78cf,DELETE,regular-file,auth-frontend/.venv/Lib/site-packages/pip/_vendor/rich/progress_bar.py,8161,
2bd0a7724f4375a5272cb7c101be5b6a582dc031,DELETE,regular-file,auth-frontend/.venv/Lib/site-packages/pip/_vendor/rich/prompt.py,11303,
12ab23713a70dda46edd300bd975b02bfb2be031,DELETE,regular-file,auth-frontend/.venv/Lib/site-packages/pip/_vendor/rich/protocol.py,1391,
75b3631c3879294549f1f27418859aefb63925a7,DELETE,regular-file,auth-frontend/.venv/Lib/site-packages/pip/_vendor/rich/region.py,166,
36966e70f19aff06e65b3b8d5943b40ef7d5fc64,DELETE,regular-file,auth-frontend/.venv/Lib/site-packages/pip/_vendor/rich/repr.py,4449,
0b78f7a4ec4a111e35d7fdc7f9744afb696df20e,DELETE,regular-file,auth-frontend/.venv/Lib/site-packages/pip/_vendor/rich/rule.py,4773,
6822b8ca5429db9785881dd30e3964a655a64a88,DELETE,regular-file,auth-frontend/.venv/Lib/site-packages/pip/_vendor/rich/scope.py,2842,
7f416e1e799abfbf62382456020cc8e59e5cf01f,DELETE,regular-file,auth-frontend/.venv/Lib/site-packages/pip/_vendor/rich/screen.py,1591,
1ea5435adc6039402954cf3252097125e06913f4,DELETE,regular-file,auth-frontend/.venv/Lib/site-packages/pip/_vendor/rich/segment.py,24224,
0879088e14c2af9224a6cde62d220539ba9c34e1,DELETE,regular-file,auth-frontend/.venv/Lib/site-packages/pip/_vendor/rich/spinner.py,4374,
09eff405ec194ee2884f203cb48c5df54ff0b9c7,DELETE,regular-file,auth-frontend/.venv/Lib/site-packages/pip/_vendor/rich/status.py,4425,
b2e8aff71f50d0d308e3bcb206508912738029ad,DELETE,regular-file,auth-frontend/.venv/Lib/site-packages/pip/_vendor/rich/style.py,26240,
91cd0db31c14e30d4c1e2e9f36382b7a5e022870,DELETE,regular-file,auth-frontend/.venv/Lib/site-packages/pip/_vendor/rich/styled.py,1258,
dace718c1b5fab7b90ed5d77283a9f907b78b4e9,DELETE,regular-file,auth-frontend/.venv/Lib/site-packages/pip/_vendor/rich/syntax.py,34697,
8fc28ef2f74cb25498314ddda14156921b6b6804,DELETE,regular-file,auth-frontend/.venv/Lib/site-packages/pip/_vendor/rich/table.py,39515,
565e9d960f8604c487e063ad9ed3f6f63027f3b4,DELETE,regular-file,auth-frontend/.venv/Lib/site-packages/pip/_vendor/rich/terminal_theme.py,3370,
12037d0cf4f597a51b1fb80a9c1aa983f0910154,DELETE,regular-file,auth-frontend/.venv/Lib/site-packages/pip/_vendor/rich/text.py,44666,
bfb3c7f82155ba74b5d2b933c252d6ce80fd059d,DELETE,regular-file,auth-frontend/.venv/Lib/site-packages/pip/_vendor/rich/theme.py,3627,
bf6db104a2c4fd4f3dc699e85f2b262c3d31e9a0,DELETE,regular-file,auth-frontend/.venv/Lib/site-packages/pip/_vendor/rich/themes.py,102,
e5023c77ab4f5cf9beca30a09aa03fa474dc0d9e,DELETE,regular-file,auth-frontend/.venv/Lib/site-packages/pip/_vendor/rich/traceback.py,26060,
afe8da1a4a30daf6e48ffba514656e7c86c9abaa,DELETE,regular-file,auth-frontend/.venv/Lib/site-packages/pip/_vendor/rich/tree.py,9169,
4e15675d8b5caa33255fe37271700f587bd26671,DELETE,regular-file,auth-frontend/.venv/Lib/site-packages/pip/_vendor/six.py,34549,
ab3be3bf63d55284176512df19647003b7f82b16,DELETE,regular-file,auth-frontend/.venv/Lib/site-packages/pip/_vendor/tenacity/__init__.py,18364,
0f32b5f6207441753482e8b24e0f4ff10c5614d8,DELETE,regular-file,auth-frontend/.venv/Lib/site-packages/pip/_vendor/tenacity/_asyncio.py,3314,
d5c4c9de591a80779ddda1e3e82d4745d7dbab4f,DELETE,regular-file,auth-frontend/.venv/Lib/site-packages/pip/_vendor/tenacity/_utils.py,1944,
c056700f9fa353f25ef0d41da6e0158e3a3a4c8f,DELETE,regular-file,auth-frontend/.venv/Lib/site-packages/pip/_vendor/tenacity/after.py,1496,
a72c2c5f70eafdf0229332ccf3c1284b2955ea56,DELETE,regular-file,auth-frontend/.venv/Lib/site-packages/pip/_vendor/tenacity/before.py,1376,
b35564fbad87abd4ac1b2c20082c4716d853009d,DELETE,regular-file,auth-frontend/.venv/Lib/site-packages/pip/_vendor/tenacity/before_sleep.py,1908,
72aa5bfd4b60d8e6ef6ed0cf2ae4f763d12195cc,DELETE,regular-file,auth-frontend/.venv/Lib/site-packages/pip/_vendor/tenacity/nap.py,1383,
9ebeb62d5c9ff9368740ec2b85cd6b8e9e222e4c,DELETE,regular-file,auth-frontend/.venv/Lib/site-packages/pip/_vendor/tenacity/retry.py,7550,
faaae9a8ddba9a7bc25302fa08ffb88e86628006,DELETE,regular-file,auth-frontend/.venv/Lib/site-packages/pip/_vendor/tenacity/stop.py,2790,
8f7731af0e62a985dbe4c77771a80525848e793c,DELETE,regular-file,auth-frontend/.venv/Lib/site-packages/pip/_vendor/tenacity/tornadoweb.py,2145,
8fdfc8f9d4e8e28087d1eeb1ec190abecf7341ce,DELETE,regular-file,auth-frontend/.venv/Lib/site-packages/pip/_vendor/tenacity/wait.py,8011,
4c6ec97ec6961bcf184b6e0b2437b9924db0b9de,DELETE,regular-file,auth-frontend/.venv/Lib/site-packages/pip/_vendor/tomli/__init__.py,396,
f1bb0aa19a556725aa2ae2b8cea95489c99a9078,DELETE,regular-file,auth-frontend/.venv/Lib/site-packages/pip/_vendor/tomli/_parser.py,22633,
994bb7493fd92865e6ab87c277ba5741b44c31a9,DELETE,regular-file,auth-frontend/.venv/Lib/site-packages/pip/_vendor/tomli/_re.py,2943,
d949412e03b29d70592c7721fe747e5085c2e280,DELETE,regular-file,auth-frontend/.venv/Lib/site-packages/pip/_vendor/tomli/_types.py,254,
34199c2a984bc83e65afe549981c5f771632be7e,DELETE,regular-file,auth-frontend/.venv/Lib/site-packages/pip/_vendor/typing_extensions.py,80114,
c6fa38212fb559a9b51fe36b72892839efae63f5,DELETE,regular-file,auth-frontend/.venv/Lib/site-packages/pip/_vendor/urllib3/__init__.py,3333,
da9857e986d89acac3ba05a6735dc08c249bde1a,DELETE,regular-file,auth-frontend/.venv/Lib/site-packages/pip/_vendor/urllib3/_collections.py,10811,
6fbc84b30f205772224053b3d2ccb90102373276,DELETE,regular-file,auth-frontend/.venv/Lib/site-packages/pip/_vendor/urllib3/_version.py,64,
10fb36c4e350d8ca6f65e4036a60c48a9b3216fc,DELETE,regular-file,auth-frontend/.venv/Lib/site-packages/pip/_vendor/urllib3/connection.py,20070,
96339e90af17e12a86750eba73746e25f9f76271,DELETE,regular-file,auth-frontend/.venv/Lib/site-packages/pip/_vendor/urllib3/connectionpool.py,39093,
e69de29bb2d1d6434b8b29ae775ad8c2e48c5391,DELETE,regular-file,auth-frontend/.venv/Lib/site-packages/pip/_vendor/urllib3/contrib/__init__.py,0,
8765b907d70c4a530bc90dc88f24b3df73473b01,DELETE,regular-file,auth-frontend/.venv/Lib/site-packages/pip/_vendor/urllib3/contrib/_appengine_environ.py,957,
e69de29bb2d1d6434b8b29ae775ad8c2e48c5391,DELETE,regular-file,auth-frontend/.venv/Lib/site-packages/pip/_vendor/urllib3/contrib/_securetransport/__init__.py,0,
264d564dbda676b52f446c0d25433a15939a78a3,DELETE,regular-file,auth-frontend/.venv/Lib/site-packages/pip/_vendor/urllib3/contrib/_securetransport/bindings.py,17632,
fa0b245d279e96724d5610f93bc3b3c8c22ca032,DELETE,regular-file,auth-frontend/.venv/Lib/site-packages/pip/_vendor/urllib3/contrib/_securetransport/low_level.py,13922,
668538695f96d7eccf8bc83f551aa5808efab1f9,DELETE,regular-file,auth-frontend/.venv/Lib/site-packages/pip/_vendor/urllib3/contrib/appengine.py,11034,
41a8fd174cbc556d495aca1d58af8e2197ace913,DELETE,regular-file,auth-frontend/.venv/Lib/site-packages/pip/_vendor/urllib3/contrib/ntlmpool.py,4538,
528764a033408806e38d7cb686a330a66ca01b10,DELETE,regular-file,auth-frontend/.venv/Lib/site-packages/pip/_vendor/urllib3/contrib/pyopenssl.py,17182,
4a06bc69d5c850fa9f7c4861bc6b3acca3905056,DELETE,regular-file,auth-frontend/.venv/Lib/site-packages/pip/_vendor/urllib3/contrib/securetransport.py,34448,
c326e80dd117458ff6e71741ca57359629b05ae4,DELETE,regular-file,auth-frontend/.venv/Lib/site-packages/pip/_vendor/urllib3/contrib/socks.py,7097,
cba6f3f560f71b3b15ab6aaf21dde4f1bba1bd00,DELETE,regular-file,auth-frontend/.venv/Lib/site-packages/pip/_vendor/urllib3/exceptions.py,8217,
9d630f491d9a39644ae65564dac88eb51f0bbe78,DELETE,regular-file,auth-frontend/.venv/Lib/site-packages/pip/_vendor/urllib3/fields.py,8579,
36c9252c647e67bc7353c523152568b993c1331f,DELETE,regular-file,auth-frontend/.venv/Lib/site-packages/pip/_vendor/urllib3/filepost.py,2440,
e69de29bb2d1d6434b8b29ae775ad8c2e48c5391,DELETE,regular-file,auth-frontend/.venv/Lib/site-packages/pip/_vendor/urllib3/packages/__init__.py,0,
e69de29bb2d1d6434b8b29ae775ad8c2e48c5391,DELETE,regular-file,auth-frontend/.venv/Lib/site-packages/pip/_vendor/urllib3/packages/backports/__init__.py,0,
b8fb2154b6d0618b62281578e5e947bca487cee4,DELETE,regular-file,auth-frontend/.venv/Lib/site-packages/pip/_vendor/urllib3/packages/backports/makefile.py,1417,
f099a3dcd28d2fec21457c9b6c01ded4e3e9ddee,DELETE,regular-file,auth-frontend/.venv/Lib/site-packages/pip/_vendor/urllib3/packages/six.py,34665,
ca4ec341184adb3d30f3cd825b49a81b87d29b08,DELETE,regular-file,auth-frontend/.venv/Lib/site-packages/pip/_vendor/urllib3/poolmanager.py,19786,
398386a5b9f61c13be314e256e671a37d28e3623,DELETE,regular-file,auth-frontend/.venv/Lib/site-packages/pip/_vendor/urllib3/request.py,5985,
4969b70e3efcdbb23f83d635f59f7897e1dae47d,DELETE,regular-file,auth-frontend/.venv/Lib/site-packages/pip/_vendor/urllib3/response.py,30109,
4547fc522b690ba2697843edd044f2039a4123a9,DELETE,regular-file,auth-frontend/.venv/Lib/site-packages/pip/_vendor/urllib3/util/__init__.py,1155,
6af1138f260e4eaaa0aa242f7f50b918a283b49f,DELETE,regular-file,auth-frontend/.venv/Lib/site-packages/pip/_vendor/urllib3/util/connection.py,4901,
2199cc7b7f004009493d032720c36d6568f9d89e,DELETE,regular-file,auth-frontend/.venv/Lib/site-packages/pip/_vendor/urllib3/util/proxy.py,1605,
41784104ee4bd5796006d1052536325d52db1e8c,DELETE,regular-file,auth-frontend/.venv/Lib/site-packages/pip/_vendor/urllib3/util/queue.py,498,
330766ef4f3403e05a6ad8ec30f25fe05fdbc199,DELETE,regular-file,auth-frontend/.venv/Lib/site-packages/pip/_vendor/urllib3/util/request.py,3997,
5ea609ccedf18eb4ab70f8fc6990448eb6407237,DELETE,regular-file,auth-frontend/.venv/Lib/site-packages/pip/_vendor/urllib3/util/response.py,3510,
3398323fd7c985a18740bd65b854ce90fe007e27,DELETE,regular-file,auth-frontend/.venv/Lib/site-packages/pip/_vendor/urllib3/util/retry.py,22001,
2b45d391d4d7398e4769f45f9dd25eb55daef437,DELETE,regular-file,auth-frontend/.venv/Lib/site-packages/pip/_vendor/urllib3/util/ssl_.py,17177,
1dd950c489607d06ecc5218292a1b55558b47be8,DELETE,regular-file,auth-frontend/.venv/Lib/site-packages/pip/_vendor/urllib3/util/ssl_match_hostname.py,5758,
4a7105d17916a7237f3df6e59d65ca82375f8803,DELETE,regular-file,auth-frontend/.venv/Lib/site-packages/pip/_vendor/urllib3/util/ssltransport.py,6895,
ff69593b05b5eb5fcd336b4bd16193c44dc48ef5,DELETE,regular-file,auth-frontend/.venv/Lib/site-packages/pip/_vendor/urllib3/util/timeout.py,10003,
86bd8b48ab01a60d5fd59283ea65c937a476fed0,DELETE,regular-file,auth-frontend/.venv/Lib/site-packages/pip/_vendor/urllib3/util/url.py,14287,
21b4590b3dc9b58902b0d47164b9023e54a85ef8,DELETE,regular-file,auth-frontend/.venv/Lib/site-packages/pip/_vendor/urllib3/util/wait.py,5403,
9e9d4c11f9efef48ab2cdea788534072ae72b72f,DELETE,regular-file,auth-frontend/.venv/Lib/site-packages/pip/_vendor/vendor.txt,469,
d21d697c887bed1f8ab7f36d10185e986d9f1e54,DELETE,regular-file,auth-frontend/.venv/Lib/site-packages/pip/_vendor/webencodings/__init__.py,10579,
29cbf91ef79b89971e51db9ddfc3720d8b4db82a,DELETE,regular-file,auth-frontend/.venv/Lib/site-packages/pip/_vendor/webencodings/labels.py,8979,
295dc928ba71fc00caa52708ac70097abe6dc3e4,DELETE,regular-file,auth-frontend/.venv/Lib/site-packages/pip/_vendor/webencodings/mklabels.py,1305,
e12c10d033026f09cf97b81d29555e12aae8c762,DELETE,regular-file,auth-frontend/.venv/Lib/site-packages/pip/_vendor/webencodings/tests.py,6563,
d16e326024c05a59548619e13258acad781e0a6d,DELETE,regular-file,auth-frontend/.venv/Lib/site-packages/pip/_vendor/webencodings/x_user_defined.py,4307,
493b53e4e7a3984ddd49780313bf3bd9901dc1e0,DELETE,regular-file,auth-frontend/.venv/Lib/site-packages/pip/py.typed,286,
d59226af9d7fe1b5279e99ff6e333032d1cec274,DELETE,regular-file,auth-frontend/.venv/Lib/site-packages/pkg_resources/__init__.py,108568,
e69de29bb2d1d6434b8b29ae775ad8c2e48c5391,DELETE,regular-file,auth-frontend/.venv/Lib/site-packages/pkg_resources/_vendor/__init__.py,0,
ae67001af8b661373edeee2eb327b9f63e630d62,DELETE,regular-file,auth-frontend/.venv/Lib/site-packages/pkg_resources/_vendor/appdirs.py,24701,
34e3a9950cc557879af8d797f9382b18a870fb56,DELETE,regular-file,auth-frontend/.venv/Lib/site-packages/pkg_resources/_vendor/importlib_resources/__init__.py,506,
ea363d86a564b5450666aa00aecd46353326a75a,DELETE,regular-file,auth-frontend/.venv/Lib/site-packages/pkg_resources/_vendor/importlib_resources/_adapters.py,4504,
a12e2c75d132c73b556702159d535d15ed9abfd2,DELETE,regular-file,auth-frontend/.venv/Lib/site-packages/pkg_resources/_vendor/importlib_resources/_common.py,2741,
cb9fc820cb352aa6e92705aab4f55cbc2eff96bc,DELETE,regular-file,auth-frontend/.venv/Lib/site-packages/pkg_resources/_vendor/importlib_resources/_compat.py,2706,
cce05582ffc6fe6d72027194f4ccc44ee42f1fcd,DELETE,regular-file,auth-frontend/.venv/Lib/site-packages/pkg_resources/_vendor/importlib_resources/_itertools.py,884,
1d5d3f1fbb1f6c69d0da2a50e1d4492ad3378f17,DELETE,regular-file,auth-frontend/.venv/Lib/site-packages/pkg_resources/_vendor/importlib_resources/_legacy.py,3494,
d39dc1adba0f00d2f7bdf6fa2cd1abcd82475e2e,DELETE,regular-file,auth-frontend/.venv/Lib/site-packages/pkg_resources/_vendor/importlib_resources/abc.py,3886,
f1190ca452a1ce22ee9a1b304991d475281df8ca,DELETE,regular-file,auth-frontend/.venv/Lib/site-packages/pkg_resources/_vendor/importlib_resources/readers.py,3566,
da073cbdb11e6c24c19a2d388c53c8842228595f,DELETE,regular-file,auth-frontend/.venv/Lib/site-packages/pkg_resources/_vendor/importlib_resources/simple.py,2836,
e69de29bb2d1d6434b8b29ae775ad8c2e48c5391,DELETE,regular-file,auth-frontend/.venv/Lib/site-packages/pkg_resources/_vendor/jaraco/__init__.py,0,
87a4e3dca299c4201ac50f6ef589dc73f1c45576,DELETE,regular-file,auth-frontend/.venv/Lib/site-packages/pkg_resources/_vendor/jaraco/context.py,5420,
a3fea3a1ae12be660a94c277cd748bd43e67b5dc,DELETE,regular-file,auth-frontend/.venv/Lib/site-packages/pkg_resources/_vendor/jaraco/functools.py,13515,
c466378ceba69a335d2beb4d3af92703d52b3831,DELETE,regular-file,auth-frontend/.venv/Lib/site-packages/pkg_resources/_vendor/jaraco/text/__init__.py,15526,
ea38bef1f661e62d577b3c2207386d901d851c72,DELETE,regular-file,auth-frontend/.venv/Lib/site-packages/pkg_resources/_vendor/more_itertools/__init__.py,83,
6b6a5cab25ad87ec414c3180611f33575308d54f,DELETE,regular-file,auth-frontend/.venv/Lib/site-packages/pkg_resources/_vendor/more_itertools/more.py,132569,
a2596423a4c3dbd15a357241477a0af0a531f9ec,DELETE,regular-file,auth-frontend/.venv/Lib/site-packages/pkg_resources/_vendor/more_itertools/recipes.py,18410,
3551bc2d29846441299cf57b397b02fc164c99b9,DELETE,regular-file,auth-frontend/.venv/Lib/site-packages/pkg_resources/_vendor/packaging/__about__.py,661,
3c50c5dcfeeda2efed282200a5c5cc8c5f7542f7,DELETE,regular-file,auth-frontend/.venv/Lib/site-packages/pkg_resources/_vendor/packaging/__init__.py,497,
4c379aa6f69ff56c8f19612002c6e3e939ea6012,DELETE,regular-file,auth-frontend/.venv/Lib/site-packages/pkg_resources/_vendor/packaging/_manylinux.py,11488,
8ac3059ba3c246b9a5a6fb8d14936bb07777191e,DELETE,regular-file,auth-frontend/.venv/Lib/site-packages/pkg_resources/_vendor/packaging/_musllinux.py,4378,
90a6465f9682c886363eea5327dac64bf623a6ff,DELETE,regular-file,auth-frontend/.venv/Lib/site-packages/pkg_resources/_vendor/packaging/_structures.py,1431,
18769b09a8a34f1e7d63cc61e62cd128ff5f9484,DELETE,regular-file,auth-frontend/.venv/Lib/site-packages/pkg_resources/_vendor/packaging/markers.py,8496,
6af14ec4ce49e633d030611c26f0bd9beaf13e6a,DELETE,regular-file,auth-frontend/.venv/Lib/site-packages/pkg_resources/_vendor/packaging/requirements.py,4706,
0e218a6f9f75ea2060a8b08d1f1a043fdad68df8,DELETE,regular-file,auth-frontend/.venv/Lib/site-packages/pkg_resources/_vendor/packaging/specifiers.py,30110,
9a3d25a71c75c975291cf987001ecd6882d6417d,DELETE,regular-file,auth-frontend/.venv/Lib/site-packages/pkg_resources/_vendor/packaging/tags.py,15699,
bab11b80c60f10a4f3bccb12eb5b17c48a449767,DELETE,regular-file,auth-frontend/.venv/Lib/site-packages/pkg_resources/_vendor/packaging/utils.py,4200,
de9a09a4ed3b078b37e7490a6686f660ae935aca,DELETE,regular-file,auth-frontend/.venv/Lib/site-packages/pkg_resources/_vendor/packaging/version.py,14665,
7802ff158d83eb88e6dbe78d9cd33ca14341662a,DELETE,regular-file,auth-frontend/.venv/Lib/site-packages/pkg_resources/_vendor/pyparsing/__init__.py,9159,
f72c66e743146c7a5b70a5440e9ab5459f10245b,DELETE,regular-file,auth-frontend/.venv/Lib/site-packages/pkg_resources/_vendor/pyparsing/actions.py,6426,
1859fb79cc4e78850b69742fca56698041ce59f8,DELETE,regular-file,auth-frontend/.venv/Lib/site-packages/pkg_resources/_vendor/pyparsing/common.py,12936,
9acba3f3e984b404f52702964805732f03965048,DELETE,regular-file,auth-frontend/.venv/Lib/site-packages/pkg_resources/_vendor/pyparsing/core.py,213310,
898644755cbbf9a8d4df562663114a7eb7e11fd1,DELETE,regular-file,auth-frontend/.venv/Lib/site-packages/pkg_resources/_vendor/pyparsing/diagram/__init__.py,23668,
a38447bb05bd5d503a32651d6046ff8667785c0c,DELETE,regular-file,auth-frontend/.venv/Lib/site-packages/pkg_resources/_vendor/pyparsing/exceptions.py,9023,
9588b3b780159a2a2d23c7f84a4404ec350e2b65,DELETE,regular-file,auth-frontend/.venv/Lib/site-packages/pkg_resources/_vendor/pyparsing/helpers.py,39129,
00c9421d3b0362526b8f90dc01e8db73841e0b61,DELETE,regular-file,auth-frontend/.venv/Lib/site-packages/pkg_resources/_vendor/pyparsing/results.py,25341,
84a0ef17078c99e5917db41e3dbaf035fe206d7c,DELETE,regular-file,auth-frontend/.venv/Lib/site-packages/pkg_resources/_vendor/pyparsing/testing.py,13402,
06526203911de55da3c2a8c5ae73f48024c3f018,DELETE,regular-file,auth-frontend/.venv/Lib/site-packages/pkg_resources/_vendor/pyparsing/unicode.py,10787,
34ce092c6d08d9cdc2704840b7539de7b5ae1dcc,DELETE,regular-file,auth-frontend/.venv/Lib/site-packages/pkg_resources/_vendor/pyparsing/util.py,6805,
26b723c1fd3e25740e0268b8c9b50905c58c3d4a,DELETE,regular-file,auth-frontend/.venv/Lib/site-packages/pkg_resources/_vendor/zipp.py,8425,
70897eea6287802112e775476a52daeabd871d41,DELETE,regular-file,auth-frontend/.venv/Lib/site-packages/pkg_resources/extern/__init__.py,2426,
a1b589e38a32041e49332e5e81c2d363dc418d68,DELETE,regular-file,auth-frontend/.venv/Lib/site-packages/setuptools-65.5.0.dist-info/INSTALLER,4,
353924be0e59b9ad7e6c22848c2189398481821d,DELETE,regular-file,auth-frontend/.venv/Lib/site-packages/setuptools-65.5.0.dist-info/LICENSE,1050,
9417a48a5ec068f5e37b6d4f47b80f05d2c813d9,DELETE,regular-file,auth-frontend/.venv/Lib/site-packages/setuptools-65.5.0.dist-info/METADATA,6301,
7a2f6547194b7c9e08daf3cb712dc2a7792321b0,DELETE,regular-file,auth-frontend/.venv/Lib/site-packages/setuptools-65.5.0.dist-info/RECORD,37228,
e69de29bb2d1d6434b8b29ae775ad8c2e48c5391,DELETE,regular-file,auth-frontend/.venv/Lib/site-packages/setuptools-65.5.0.dist-info/REQUESTED,0,
becc9a66ea739ba941d48a749e248761cc6e658a,DELETE,regular-file,auth-frontend/.venv/Lib/site-packages/setuptools-65.5.0.dist-info/WHEEL,92,
93df463a14f8d2afba99fce5afcb5279492ee63e,DELETE,regular-file,auth-frontend/.venv/Lib/site-packages/setuptools-65.5.0.dist-info/entry_points.txt,2740,
b5ac1070294b478b7cc2ce677207ee08813bfa37,DELETE,regular-file,auth-frontend/.venv/Lib/site-packages/setuptools-65.5.0.dist-info/top_level.txt,41,
6c24cc2b30421bad1cb5f8ca525bc42b57ad9761,DELETE,regular-file,auth-frontend/.venv/Lib/site-packages/setuptools/__init__.py,8429,
086b64dd3817c0c1a194ffc1959eeffdd2695bef,DELETE,regular-file,auth-frontend/.venv/Lib/site-packages/setuptools/_deprecation_warning.py,218,
b3ac0146cb3f4cb1894f55fc09775875bc4e1177,DELETE,regular-file,auth-frontend/.venv/Lib/site-packages/setuptools/_distutils/__init__.py,537,
98fce8008dc25cb97d026426b47f898fccc0c34a,DELETE,regular-file,auth-frontend/.venv/Lib/site-packages/setuptools/_distutils/_collections.py,1330,
e7053bac12fdb7b2cc50448f88318cd93f62cc0e,DELETE,regular-file,auth-frontend/.venv/Lib/site-packages/setuptools/_distutils/_functools.py,411,
17769e9154bd9cc3f3c00dc10718e4377828cb5e,DELETE,regular-file,auth-frontend/.venv/Lib/site-packages/setuptools/_distutils/_macos_compat.py,239,
729c2dd5217528d7b3f9220cc2c7981f95c6f6e1,DELETE,regular-file,auth-frontend/.venv/Lib/site-packages/setuptools/_distutils/_msvccompiler.py,19672,
5dfe2a16ffbf5dc907aa3ce315757f4f9a055a82,DELETE,regular-file,auth-frontend/.venv/Lib/site-packages/setuptools/_distutils/archive_util.py,8603,
80b6bd852269afc075e38a4280c728f0777c923f,DELETE,regular-file,auth-frontend/.venv/Lib/site-packages/setuptools/_distutils/bcppcompiler.py,14789,
97551c99fec8ebdaa523bdc22dba80e3447c981a,DELETE,regular-file,auth-frontend/.venv/Lib/site-packages/setuptools/_distutils/ccompiler.py,47369,
68a9267c65babd799cec04213c20ad4f3289e109,DELETE,regular-file,auth-frontend/.venv/Lib/site-packages/setuptools/_distutils/cmd.py,17973,
028dcfa0fc4b3a07307989c40389b2042ceafc03,DELETE,regular-file,auth-frontend/.venv/Lib/site-packages/setuptools/_distutils/command/__init__.py,430,
cffa27cb08285d1535e9812858dbad1551fc972f,DELETE,regular-file,auth-frontend/.venv/Lib/site-packages/setuptools/_distutils/command/_framework_compat.py,1614,
de37dae0ffcd5ea3b05c2203981f23163707cdd6,DELETE,regular-file,auth-frontend/.venv/Lib/site-packages/setuptools/_distutils/command/bdist.py,5441,
0f52330f67728e5f02d1673dc9683e95f6f9d294,DELETE,regular-file,auth-frontend/.venv/Lib/site-packages/setuptools/_distutils/command/bdist_dumb.py,4701,
6a50ef34eab60cf005ea604f83eaf6170437032e,DELETE,regular-file,auth-frontend/.venv/Lib/site-packages/setuptools/_distutils/command/bdist_rpm.py,22051,
6d453419d073677e33ab60a5e627ba412be1fd6a,DELETE,regular-file,auth-frontend/.venv/Lib/site-packages/setuptools/_distutils/command/build.py,5617,
50bb9bbabb7ab00cd4763b524ab536e711e468a8,DELETE,regular-file,auth-frontend/.venv/Lib/site-packages/setuptools/_distutils/command/build_clib.py,7728,
3c6cee7e3644fdbdeeb4b5bcb0124044eb0f50ed,DELETE,regular-file,auth-frontend/.venv/Lib/site-packages/setuptools/_distutils/command/build_ext.py,31558,
47c6158e0f74033bfcfeb7424df227a3815651de,DELETE,regular-file,auth-frontend/.venv/Lib/site-packages/setuptools/_distutils/command/build_py.py,16568,
2cc5d1e09c09b6c674d47a26c5ebc6163705ecce,DELETE,regular-file,auth-frontend/.venv/Lib/site-packages/setuptools/_distutils/command/build_scripts.py,5624,
539481c946043c53aa61bd62cfd4b4146934697d,DELETE,regular-file,auth-frontend/.venv/Lib/site-packages/setuptools/_distutils/command/check.py,4888,
b731b60609621ad822aa989ffa1f711ec2932278,DELETE,regular-file,auth-frontend/.venv/Lib/site-packages/setuptools/_distutils/command/clean.py,2603,
4492c89660c202acf882375258dffafff00a99ba,DELETE,regular-file,auth-frontend/.venv/Lib/site-packages/setuptools/_distutils/command/config.py,13137,
a38cddcda5380aac99bade87e2cdf95d4c99348a,DELETE,regular-file,auth-frontend/.venv/Lib/site-packages/setuptools/_distutils/command/install.py,30221,
23d91aded26df8fdc5600ac2dda19787ec5ce916,DELETE,regular-file,auth-frontend/.venv/Lib/site-packages/setuptools/_distutils/command/install_data.py,2779,
d5e68a6e47199372c79ec094e0385f49a6600f22,DELETE,regular-file,auth-frontend/.venv/Lib/site-packages/setuptools/_distutils/command/install_egg_info.py,2785,
87046ab391b9f5e577e6ef0181c50de7e9c7f01b,DELETE,regular-file,auth-frontend/.venv/Lib/site-packages/setuptools/_distutils/command/install_headers.py,1189,
ad3089c8b144f292e9560c8cefcbab4012d09a45,DELETE,regular-file,auth-frontend/.venv/Lib/site-packages/setuptools/_distutils/command/install_lib.py,8434,
f09bd644207e5c5a891d3605cb6aff4f00d70c8a,DELETE,regular-file,auth-frontend/.venv/Lib/site-packages/setuptools/_distutils/command/install_scripts.py,1936,
aa0c0a7fcd100886e3cd27b3076b6b30c4de1718,DELETE,regular-file,auth-frontend/.venv/Lib/site-packages/setuptools/_distutils/command/py37compat.py,672,
c1402650d7f7defdde15741aabafa9f42843dcdf,DELETE,regular-file,auth-frontend/.venv/Lib/site-packages/setuptools/_distutils/command/register.py,11765,
d6e9489d1b1913f7090b225db69c42fc0454c17a,DELETE,regular-file,auth-frontend/.venv/Lib/site-packages/setuptools/_distutils/command/sdist.py,19241,
6af5394339437497134fa74a97463e3e5309ff29,DELETE,regular-file,auth-frontend/.venv/Lib/site-packages/setuptools/_distutils/command/upload.py,7477,
6e0c3a71f10cf216aaa19053564159353e47e66a,DELETE,regular-file,auth-frontend/.venv/Lib/site-packages/setuptools/_distutils/config.py,4920,
de13978f02aa85ac70aa49a0d39178cbba913199,DELETE,regular-file,auth-frontend/.venv/Lib/site-packages/setuptools/_distutils/core.py,9451,
2c4da5b57e5fda8b1510a61c2f14a61fac1c0916,DELETE,regular-file,auth-frontend/.venv/Lib/site-packages/setuptools/_distutils/cygwinccompiler.py,12537,
daf1660f0d821143e388d37532a39ddfd2ca0347,DELETE,regular-file,auth-frontend/.venv/Lib/site-packages/setuptools/_distutils/debug.py,139,
db1fa01996ce0d47cd7f070c53b085926440d377,DELETE,regular-file,auth-frontend/.venv/Lib/site-packages/setuptools/_distutils/dep_util.py,3423,
6f0bb8ad76a064dad843db670c91e493d0e19a0c,DELETE,regular-file,auth-frontend/.venv/Lib/site-packages/setuptools/_distutils/dir_util.py,8082,
917cd94a0c29985085f9332c5a73549c51bb8fb1,DELETE,regular-file,auth-frontend/.venv/Lib/site-packages/setuptools/_distutils/dist.py,50186,
626254c321fb31033c54fed7ff57a0df5eaaa608,DELETE,regular-file,auth-frontend/.venv/Lib/site-packages/setuptools/_distutils/errors.py,3589,
6b8575de2949cd0519ee5f26b6eb00df417e2113,DELETE,regular-file,auth-frontend/.venv/Lib/site-packages/setuptools/_distutils/extension.py,10270,
830f047e28aa3b25295174d44d735448a1a43098,DELETE,regular-file,auth-frontend/.venv/Lib/site-packages/setuptools/_distutils/fancy_getopt.py,17910,
1f1e444b1c30d93ca28ac15115ef73e63b9f6169,DELETE,regular-file,auth-frontend/.venv/Lib/site-packages/setuptools/_distutils/file_util.py,8226,
987931a9883ff36862dbd0831bd0a16903977879,DELETE,regular-file,auth-frontend/.venv/Lib/site-packages/setuptools/_distutils/filelist.py,13713,
be25f6cabd839af772dd74399c57991c222d3da8,DELETE,regular-file,auth-frontend/.venv/Lib/site-packages/setuptools/_distutils/log.py,1972,
22021831086ea8b2db134f7a2310a803abf5f982,DELETE,regular-file,auth-frontend/.venv/Lib/site-packages/setuptools/_distutils/msvc9compiler.py,30235,
1069e9951abd003cf347e3d151a6f6ca7340eb00,DELETE,regular-file,auth-frontend/.venv/Lib/site-packages/setuptools/_distutils/msvccompiler.py,23602,
59224e71e50c49e5f9f6f925837597c035a8ab7f,DELETE,regular-file,auth-frontend/.venv/Lib/site-packages/setuptools/_distutils/py38compat.py,217,
c43e5f10fdecb6606a1b75af3e149cb6a0a55e42,DELETE,regular-file,auth-frontend/.venv/Lib/site-packages/setuptools/_distutils/py39compat.py,639,
b18ba9db7d2e5919c853e7dcf8d5b7c180607c3f,DELETE,regular-file,auth-frontend/.venv/Lib/site-packages/setuptools/_distutils/spawn.py,3517,
6a979f8c91fce3c8239b36ddb8764dc85dea41f2,DELETE,regular-file,auth-frontend/.venv/Lib/site-packages/setuptools/_distutils/sysconfig.py,18858,
7274d4b16e1bee16751515f42793ebefdd769b96,DELETE,regular-file,auth-frontend/.venv/Lib/site-packages/setuptools/_distutils/text_file.py,12096,
4ab771a475df8f53f4054d7869366a2457397a09,DELETE,regular-file,auth-frontend/.venv/Lib/site-packages/setuptools/_distutils/unixccompiler.py,15641,
4763202b67cf3b7dc849fcca401be5df6adbf083,DELETE,regular-file,auth-frontend/.venv/Lib/site-packages/setuptools/_distutils/util.py,18128,
e29e265750fbccfbd072d1541e376aa150724be2,DELETE,regular-file,auth-frontend/.venv/Lib/site-packages/setuptools/_distutils/version.py,12952,
6ea1192d4c22480c378cdf2279368bde203ea09d,DELETE,regular-file,auth-frontend/.venv/Lib/site-packages/setuptools/_distutils/versionpredicate.py,5248,
f087681b5980b586c79fb4d87f99e33597eb1575,DELETE,regular-file,auth-frontend/.venv/Lib/site-packages/setuptools/_entry_points.py,1972,
47efd792b3cd04f0646adf7d3ef1811d201f8873,DELETE,regular-file,auth-frontend/.venv/Lib/site-packages/setuptools/_imp.py,2392,
819bf5d3c2454c0a1853cfb695ed904686e1deb1,DELETE,regular-file,auth-frontend/.venv/Lib/site-packages/setuptools/_importlib.py,1311,
b8bf6d210aec669b6b948942eda1db953e8725fa,DELETE,regular-file,auth-frontend/.venv/Lib/site-packages/setuptools/_itertools.py,675,
3767523b784bb93b5b79890eff359628fcfcaa34,DELETE,regular-file,auth-frontend/.venv/Lib/site-packages/setuptools/_path.py,749,
ca7241746b18940a5f9a4bcd9dddd4b70a12e3f7,DELETE,regular-file,auth-frontend/.venv/Lib/site-packages/setuptools/_reqs.py,501,
e69de29bb2d1d6434b8b29ae775ad8c2e48c5391,DELETE,regular-file,auth-frontend/.venv/Lib/site-packages/setuptools/_vendor/__init__.py,0,
292e0c6d4a73d5e2b8003394fe316dc3317d9e92,DELETE,regular-file,auth-frontend/.venv/Lib/site-packages/setuptools/_vendor/importlib_metadata/__init__.py,30130,
aa460d3eda50fbb174623a1b5bbca54645fd588a,DELETE,regular-file,auth-frontend/.venv/Lib/site-packages/setuptools/_vendor/importlib_metadata/_adapters.py,1862,
cf0954e1a30546d781bf25781ec716ef92a77e32,DELETE,regular-file,auth-frontend/.venv/Lib/site-packages/setuptools/_vendor/importlib_metadata/_collections.py,743,
ef3136f8d2a13c3d251e146d8d754e21c3ed1c38,DELETE,regular-file,auth-frontend/.venv/Lib/site-packages/setuptools/_vendor/importlib_metadata/_compat.py,1828,
71f66bd03cb713a2190853bdf7170c4ea80d2425,DELETE,regular-file,auth-frontend/.venv/Lib/site-packages/setuptools/_vendor/importlib_metadata/_functools.py,2895,
d4ca9b9140e3f085b36609bb8dfdaea79c78e144,DELETE,regular-file,auth-frontend/.venv/Lib/site-packages/setuptools/_vendor/importlib_metadata/_itertools.py,2068,
37ee43e6ef447dfb4ae68f5f6c35597d12fdc5a1,DELETE,regular-file,auth-frontend/.venv/Lib/site-packages/setuptools/_vendor/importlib_metadata/_meta.py,1154,
c88cfbb2349c6401336bc5ba6623f51afd1eb59d,DELETE,regular-file,auth-frontend/.venv/Lib/site-packages/setuptools/_vendor/importlib_metadata/_text.py,2166,
34e3a9950cc557879af8d797f9382b18a870fb56,DELETE,regular-file,auth-frontend/.venv/Lib/site-packages/setuptools/_vendor/importlib_resources/__init__.py,506,
ea363d86a564b5450666aa00aecd46353326a75a,DELETE,regular-file,auth-frontend/.venv/Lib/site-packages/setuptools/_vendor/importlib_resources/_adapters.py,4504,
a12e2c75d132c73b556702159d535d15ed9abfd2,DELETE,regular-file,auth-frontend/.venv/Lib/site-packages/setuptools/_vendor/importlib_resources/_common.py,2741,
cb9fc820cb352aa6e92705aab4f55cbc2eff96bc,DELETE,regular-file,auth-frontend/.venv/Lib/site-packages/setuptools/_vendor/importlib_resources/_compat.py,2706,
cce05582ffc6fe6d72027194f4ccc44ee42f1fcd,DELETE,regular-file,auth-frontend/.venv/Lib/site-packages/setuptools/_vendor/importlib_resources/_itertools.py,884,
1d5d3f1fbb1f6c69d0da2a50e1d4492ad3378f17,DELETE,regular-file,auth-frontend/.venv/Lib/site-packages/setuptools/_vendor/importlib_resources/_legacy.py,3494,
d39dc1adba0f00d2f7bdf6fa2cd1abcd82475e2e,DELETE,regular-file,auth-frontend/.venv/Lib/site-packages/setuptools/_vendor/importlib_resources/abc.py,3886,
f1190ca452a1ce22ee9a1b304991d475281df8ca,DELETE,regular-file,auth-frontend/.venv/Lib/site-packages/setuptools/_vendor/importlib_resources/readers.py,3566,
da073cbdb11e6c24c19a2d388c53c8842228595f,DELETE,regular-file,auth-frontend/.venv/Lib/site-packages/setuptools/_vendor/importlib_resources/simple.py,2836,
e69de29bb2d1d6434b8b29ae775ad8c2e48c5391,DELETE,regular-file,auth-frontend/.venv/Lib/site-packages/setuptools/_vendor/jaraco/__init__.py,0,
87a4e3dca299c4201ac50f6ef589dc73f1c45576,DELETE,regular-file,auth-frontend/.venv/Lib/site-packages/setuptools/_vendor/jaraco/context.py,5420,
bbd8b29f9c012d62a37393476a5e393405d2918c,DELETE,regular-file,auth-frontend/.venv/Lib/site-packages/setuptools/_vendor/jaraco/functools.py,13512,
a0306d5ff5cc4a2eb76458c127c462efe59a566d,DELETE,regular-file,auth-frontend/.venv/Lib/site-packages/setuptools/_vendor/jaraco/text/__init__.py,15517,
19a169fc30183db91f931ad6ad04fbc0e16559b3,DELETE,regular-file,auth-frontend/.venv/Lib/site-packages/setuptools/_vendor/more_itertools/__init__.py,82,
e6fca4d47f661ff16fdc8c2bb7ae5b86c7f347b2,DELETE,regular-file,auth-frontend/.venv/Lib/site-packages/setuptools/_vendor/more_itertools/more.py,117959,
521abd7c2ca633f90a5ba13a8060c5c3d0c32205,DELETE,regular-file,auth-frontend/.venv/Lib/site-packages/setuptools/_vendor/more_itertools/recipes.py,16256,
14876000de895a609d5b9f3de39c3c8fc44ef1fc,DELETE,regular-file,auth-frontend/.venv/Lib/site-packages/setuptools/_vendor/ordered_set.py,15130,
3551bc2d29846441299cf57b397b02fc164c99b9,DELETE,regular-file,auth-frontend/.venv/Lib/site-packages/setuptools/_vendor/packaging/__about__.py,661,
3c50c5dcfeeda2efed282200a5c5cc8c5f7542f7,DELETE,regular-file,auth-frontend/.venv/Lib/site-packages/setuptools/_vendor/packaging/__init__.py,497,
4c379aa6f69ff56c8f19612002c6e3e939ea6012,DELETE,regular-file,auth-frontend/.venv/Lib/site-packages/setuptools/_vendor/packaging/_manylinux.py,11488,
8ac3059ba3c246b9a5a6fb8d14936bb07777191e,DELETE,regular-file,auth-frontend/.venv/Lib/site-packages/setuptools/_vendor/packaging/_musllinux.py,4378,
90a6465f9682c886363eea5327dac64bf623a6ff,DELETE,regular-file,auth-frontend/.venv/Lib/site-packages/setuptools/_vendor/packaging/_structures.py,1431,
eb0541b83a77f09f5e598bf88eeb38a84e305ae0,DELETE,regular-file,auth-frontend/.venv/Lib/site-packages/setuptools/_vendor/packaging/markers.py,8493,
0d93231b4613b27acd2bf7c1283d4ae99d595bdc,DELETE,regular-file,auth-frontend/.venv/Lib/site-packages/setuptools/_vendor/packaging/requirements.py,4700,
0e218a6f9f75ea2060a8b08d1f1a043fdad68df8,DELETE,regular-file,auth-frontend/.venv/Lib/site-packages/setuptools/_vendor/packaging/specifiers.py,30110,
9a3d25a71c75c975291cf987001ecd6882d6417d,DELETE,regular-file,auth-frontend/.venv/Lib/site-packages/setuptools/_vendor/packaging/tags.py,15699,
bab11b80c60f10a4f3bccb12eb5b17c48a449767,DELETE,regular-file,auth-frontend/.venv/Lib/site-packages/setuptools/_vendor/packaging/utils.py,4200,
de9a09a4ed3b078b37e7490a6686f660ae935aca,DELETE,regular-file,auth-frontend/.venv/Lib/site-packages/setuptools/_vendor/packaging/version.py,14665,
7802ff158d83eb88e6dbe78d9cd33ca14341662a,DELETE,regular-file,auth-frontend/.venv/Lib/site-packages/setuptools/_vendor/pyparsing/__init__.py,9159,
f72c66e743146c7a5b70a5440e9ab5459f10245b,DELETE,regular-file,auth-frontend/.venv/Lib/site-packages/setuptools/_vendor/pyparsing/actions.py,6426,
1859fb79cc4e78850b69742fca56698041ce59f8,DELETE,regular-file,auth-frontend/.venv/Lib/site-packages/setuptools/_vendor/pyparsing/common.py,12936,
9acba3f3e984b404f52702964805732f03965048,DELETE,regular-file,auth-frontend/.venv/Lib/site-packages/setuptools/_vendor/pyparsing/core.py,213310,
898644755cbbf9a8d4df562663114a7eb7e11fd1,DELETE,regular-file,auth-frontend/.venv/Lib/site-packages/setuptools/_vendor/pyparsing/diagram/__init__.py,23668,
a38447bb05bd5d503a32651d6046ff8667785c0c,DELETE,regular-file,auth-frontend/.venv/Lib/site-packages/setuptools/_vendor/pyparsing/exceptions.py,9023,
9588b3b780159a2a2d23c7f84a4404ec350e2b65,DELETE,regular-file,auth-frontend/.venv/Lib/site-packages/setuptools/_vendor/pyparsing/helpers.py,39129,
00c9421d3b0362526b8f90dc01e8db73841e0b61,DELETE,regular-file,auth-frontend/.venv/Lib/site-packages/setuptools/_vendor/pyparsing/results.py,25341,
84a0ef17078c99e5917db41e3dbaf035fe206d7c,DELETE,regular-file,auth-frontend/.venv/Lib/site-packages/setuptools/_vendor/pyparsing/testing.py,13402,
06526203911de55da3c2a8c5ae73f48024c3f018,DELETE,regular-file,auth-frontend/.venv/Lib/site-packages/setuptools/_vendor/pyparsing/unicode.py,10787,
34ce092c6d08d9cdc2704840b7539de7b5ae1dcc,DELETE,regular-file,auth-frontend/.venv/Lib/site-packages/setuptools/_vendor/pyparsing/util.py,6805,
4c6ec97ec6961bcf184b6e0b2437b9924db0b9de,DELETE,regular-file,auth-frontend/.venv/Lib/site-packages/setuptools/_vendor/tomli/__init__.py,396,
f1bb0aa19a556725aa2ae2b8cea95489c99a9078,DELETE,regular-file,auth-frontend/.venv/Lib/site-packages/setuptools/_vendor/tomli/_parser.py,22633,
994bb7493fd92865e6ab87c277ba5741b44c31a9,DELETE,regular-file,auth-frontend/.venv/Lib/site-packages/setuptools/_vendor/tomli/_re.py,2943,
d949412e03b29d70592c7721fe747e5085c2e280,DELETE,regular-file,auth-frontend/.venv/Lib/site-packages/setuptools/_vendor/tomli/_types.py,254,
9f1c7aa31e20a7d0ef2e6877ea325c068d50e406,DELETE,regular-file,auth-frontend/.venv/Lib/site-packages/setuptools/_vendor/typing_extensions.py,87149,
26b723c1fd3e25740e0268b8c9b50905c58c3d4a,DELETE,regular-file,auth-frontend/.venv/Lib/site-packages/setuptools/_vendor/zipp.py,8425,
d8e10c13e154802f4a742ed4904f0071369aa2ad,DELETE,regular-file,auth-frontend/.venv/Lib/site-packages/setuptools/archive_util.py,7346,
e8f1c72d598d6d5a03b75f68a6d567b1d6b1e9a2,DELETE,regular-file,auth-frontend/.venv/Lib/site-packages/setuptools/build_meta.py,19539,
b1487b7819e7286577a043c7726fbe0ca1543083,DELETE,regular-file,auth-frontend/.venv/Lib/site-packages/setuptools/cli-32.exe,65536,
675e6bf3743f3d3011c238657e7128ee9960ef7f,DELETE,regular-file,auth-frontend/.venv/Lib/site-packages/setuptools/cli-64.exe,74752,
7a87ce48093d2c984b2ceb7b1f8e1ba6f5fc94f1,DELETE,regular-file,auth-frontend/.venv/Lib/site-packages/setuptools/cli-arm64.exe,137216,
b1487b7819e7286577a043c7726fbe0ca1543083,DELETE,regular-file,auth-frontend/.venv/Lib/site-packages/setuptools/cli.exe,65536,
5acd7687d642f06de84b38f5842c41ae14d5f24a,DELETE,regular-file,auth-frontend/.venv/Lib/site-packages/setuptools/command/__init__.py,396,
452a9244ea6766d8cf94425fb583583ef740baee,DELETE,regular-file,auth-frontend/.venv/Lib/site-packages/setuptools/command/alias.py,2381,
11a1c6be28ad008b7c083c229bb0df644ec58a0e,DELETE,regular-file,auth-frontend/.venv/Lib/site-packages/setuptools/command/bdist_egg.py,16623,
98bf5dea8468bf1728f18d97d1b9a43be33fdf20,DELETE,regular-file,auth-frontend/.venv/Lib/site-packages/setuptools/command/bdist_rpm.py,1182,
c0676d8e4b1a567969cf05c5825d49c3300284c9,DELETE,regular-file,auth-frontend/.venv/Lib/site-packages/setuptools/command/build.py,6595,
67ce2444ea69a0bbdfab0bda8c2aa14951187096,DELETE,regular-file,auth-frontend/.venv/Lib/site-packages/setuptools/command/build_clib.py,4415,
cbfe3ec1c28529aade613b000d5b051807287deb,DELETE,regular-file,auth-frontend/.venv/Lib/site-packages/setuptools/command/build_ext.py,15821,
ec0627429ccbb88f3a17325726441ebcb28fb597,DELETE,regular-file,auth-frontend/.venv/Lib/site-packages/setuptools/command/build_py.py,14115,
24fb0a7c81bc665844d5d307eee2d720079c039f,DELETE,regular-file,auth-frontend/.venv/Lib/site-packages/setuptools/command/develop.py,7012,
0685c94596f2e74642ecf57b33b6c20f937d03c0,DELETE,regular-file,auth-frontend/.venv/Lib/site-packages/setuptools/command/dist_info.py,4800,
444d3b33110b65c14ff5a043d0ca4137e92b30eb,DELETE,regular-file,auth-frontend/.venv/Lib/site-packages/setuptools/command/easy_install.py,85662,
d60cfbebb7cc4a24f8d56facf841637b04661714,DELETE,regular-file,auth-frontend/.venv/Lib/site-packages/setuptools/command/editable_wheel.py,31188,
25888ed8642ffe2e078bed5440bcc720f076904f,DELETE,regular-file,auth-frontend/.venv/Lib/site-packages/setuptools/command/egg_info.py,26795,
55fdb124e8966a859b2655a8e99a9186c8755ba7,DELETE,regular-file,auth-frontend/.venv/Lib/site-packages/setuptools/command/install.py,5163,
65ede406bfa32204acecb48a3fc73537b2801ddc,DELETE,regular-file,auth-frontend/.venv/Lib/site-packages/setuptools/command/install_egg_info.py,2226,
2e9d8757a582b1dcdb47a34c35c6cfb3ed23ba90,DELETE,regular-file,auth-frontend/.venv/Lib/site-packages/setuptools/command/install_lib.py,3875,
aeb0e4240cd92c77e0ba96e6651487625cd9f391,DELETE,regular-file,auth-frontend/.venv/Lib/site-packages/setuptools/command/install_scripts.py,2612,
5972a96d8ded85cc14147ffc1400ec67c3b5a578,DELETE,regular-file,auth-frontend/.venv/Lib/site-packages/setuptools/command/launcher manifest.xml,628,
343547a4d316e48144ba6bdf342dcc24cd6cb6cd,DELETE,regular-file,auth-frontend/.venv/Lib/site-packages/setuptools/command/py36compat.py,4946,
b8266b9a60f8c363ba35f7b73befd7c9c7cb4abc,DELETE,regular-file,auth-frontend/.venv/Lib/site-packages/setuptools/command/register.py,468,
74795ba922bb376e24858760e63dc9124ef22b9f,DELETE,regular-file,auth-frontend/.venv/Lib/site-packages/setuptools/command/rotate.py,2128,
611cec552867a6d50b7edd700c86c7396d906ea2,DELETE,regular-file,auth-frontend/.venv/Lib/site-packages/setuptools/command/saveopts.py,658,
4a8cde7e160df63093afed9b3b030ddfb76ddd05,DELETE,regular-file,auth-frontend/.venv/Lib/site-packages/setuptools/command/sdist.py,7071,
6358c0451b2d0036e3821d897fb6f7ab436ee4a9,DELETE,regular-file,auth-frontend/.venv/Lib/site-packages/setuptools/command/setopt.py,5086,
8dde513c9534eb7119aa18f4d4f480a264b239a3,DELETE,regular-file,auth-frontend/.venv/Lib/site-packages/setuptools/command/test.py,8102,
ec7f81e22772511d668e5ab92f625db33259e803,DELETE,regular-file,auth-frontend/.venv/Lib/site-packages/setuptools/command/upload.py,462,
3263f07f4877ad6f9ecc881c12df29a4a65b03f4,DELETE,regular-file,auth-frontend/.venv/Lib/site-packages/setuptools/command/upload_docs.py,7494,
1a5153ad4fa51e14c83b8bb00345354d42ed3f0a,DELETE,regular-file,auth-frontend/.venv/Lib/site-packages/setuptools/config/__init__.py,1121,
8af556169cd6cce0282fce9ee09e6d6bcfc452c5,DELETE,regular-file,auth-frontend/.venv/Lib/site-packages/setuptools/config/_apply_pyprojecttoml.py,13398,
dbe6cb4ca471f146b431d2fbb558d47317a103f0,DELETE,regular-file,auth-frontend/.venv/Lib/site-packages/setuptools/config/_validate_pyproject/__init__.py,1038,
f78e4838fb3a364fde4eddaf5d5b6b1557fdbe0b,DELETE,regular-file,auth-frontend/.venv/Lib/site-packages/setuptools/config/_validate_pyproject/error_reporting.py,11266,
4130a421cfd7260d323b13cbd9d75ab8146e6030,DELETE,regular-file,auth-frontend/.venv/Lib/site-packages/setuptools/config/_validate_pyproject/extra_validations.py,1153,
d2dddd6a106f021a4723c1e8f5953ccc09e55e1f,DELETE,regular-file,auth-frontend/.venv/Lib/site-packages/setuptools/config/_validate_pyproject/fastjsonschema_exceptions.py,1612,
ad5ee31ef53370fe7ec95799db390a33c3680b3b,DELETE,regular-file,auth-frontend/.venv/Lib/site-packages/setuptools/config/_validate_pyproject/fastjsonschema_validations.py,269900,
638ac1195344227da3ebf20bb8a0faeb98cb6548,DELETE,regular-file,auth-frontend/.venv/Lib/site-packages/setuptools/config/_validate_pyproject/formats.py,8736,
c8db2c4b4993cb010fdad537055671fdd1880a87,DELETE,regular-file,auth-frontend/.venv/Lib/site-packages/setuptools/config/expand.py,16319,
d995f0bcc7e322d50af91ee23f3241d8cf46e637,DELETE,regular-file,auth-frontend/.venv/Lib/site-packages/setuptools/config/pyprojecttoml.py,19304,
c2a974de6368c9f4f9b9943c94a457227370f143,DELETE,regular-file,auth-frontend/.venv/Lib/site-packages/setuptools/config/setupcfg.py,25198,
521eb716a5ebbcbc2c59654c4e71c3f0ff1abf26,DELETE,regular-file,auth-frontend/.venv/Lib/site-packages/setuptools/dep_util.py,949,
adffd12db8c8e0477ee6532cd3b84f2e0cde9632,DELETE,regular-file,auth-frontend/.venv/Lib/site-packages/setuptools/depends.py,5499,
98fc2a7f487da55a23b962793158911848800211,DELETE,regular-file,auth-frontend/.venv/Lib/site-packages/setuptools/discovery.py,20799,
824235488666c6ecdb22240b08354806fadb58ca,DELETE,regular-file,auth-frontend/.venv/Lib/site-packages/setuptools/dist.py,45578,
ec7fb3b6c4856708dc6bc3b0c35fd8df73156029,DELETE,regular-file,auth-frontend/.venv/Lib/site-packages/setuptools/errors.py,2464,
58c023f6b4479c631f382e5062932793d2bee26b,DELETE,regular-file,auth-frontend/.venv/Lib/site-packages/setuptools/extension.py,5591,
d3a6dc99fe175507a94e3440da1f637f318add2f,DELETE,regular-file,auth-frontend/.venv/Lib/site-packages/setuptools/extern/__init__.py,2512,
87062b8187fa4f74a8c4edbaa60bd9a8b2d506a4,DELETE,regular-file,auth-frontend/.venv/Lib/site-packages/setuptools/glob.py,4873,
f8d3509653ba8f80ca7f3aa7f95616142ba83a94,DELETE,regular-file,auth-frontend/.venv/Lib/site-packages/setuptools/gui-32.exe,65536,
330c51a5dde15a0bb610a48cd0ca11770c914dae,DELETE,regular-file,auth-frontend/.venv/Lib/site-packages/setuptools/gui-64.exe,75264,
5730f11d5c09df7758cfa1b1dfb5ced4bf2ce55c,DELETE,regular-file,auth-frontend/.venv/Lib/site-packages/setuptools/gui-arm64.exe,137728,
f8d3509653ba8f80ca7f3aa7f95616142ba83a94,DELETE,regular-file,auth-frontend/.venv/Lib/site-packages/setuptools/gui.exe,65536,
b7096df14b4a15980ad138a3990d3e25aeb3bfe1,DELETE,regular-file,auth-frontend/.venv/Lib/site-packages/setuptools/installer.py,3824,
0208fdf33b640cd9791359d74673bb90cfb87f96,DELETE,regular-file,auth-frontend/.venv/Lib/site-packages/setuptools/launch.py,812,
e99c1b9d504d149ccabbeb33dae04dff786078ec,DELETE,regular-file,auth-frontend/.venv/Lib/site-packages/setuptools/logging.py,1210,
77a7adcf8e665fb1e568a82cd076a91554ca36c7,DELETE,regular-file,auth-frontend/.venv/Lib/site-packages/setuptools/monkey.py,4857,
5d4d7759c95a4713df96332781cba1e336d7638f,DELETE,regular-file,auth-frontend/.venv/Lib/site-packages/setuptools/msvc.py,47724,
44939e1c6d40539eb8173bf1527db926c5a54658,DELETE,regular-file,auth-frontend/.venv/Lib/site-packages/setuptools/namespaces.py,3093,
14881d2992273f3c76e8c6c8dca156abdeae5375,DELETE,regular-file,auth-frontend/.venv/Lib/site-packages/setuptools/package_index.py,40020,
3ad917222a4e5bb93fe1c9e8fe1713bcab3630b6,DELETE,regular-file,auth-frontend/.venv/Lib/site-packages/setuptools/py34compat.py,245,
034fc80d20ea4a59d77af6f808dbcfc3b87612c3,DELETE,regular-file,auth-frontend/.venv/Lib/site-packages/setuptools/sandbox.py,14348,
39a24b04888e79df51e2237577b303a2f901be63,DELETE,regular-file,auth-frontend/.venv/Lib/site-packages/setuptools/script (dev).tmpl,218,
ff5efbcab3b58063dd84787181c26a95fb663d94,DELETE,regular-file,auth-frontend/.venv/Lib/site-packages/setuptools/script.tmpl,138,
e84e65e3e14152a2ba6e6e05d914f0e1bbef187b,DELETE,regular-file,auth-frontend/.venv/Lib/site-packages/setuptools/unicode_utils.py,941,
95e1869658566aac3060562d8cd5a6b647887d1e,DELETE,regular-file,auth-frontend/.venv/Lib/site-packages/setuptools/version.py,144,
527ed3b23306a3822388520115bafaf3eabb5024,DELETE,regular-file,auth-frontend/.venv/Lib/site-packages/setuptools/wheel.py,8376,
1ca64fbb54fd1ce2e62f946827b78feafd6c0078,DELETE,regular-file,auth-frontend/.venv/Lib/site-packages/setuptools/windows_support.py,718,
c3e69b68374bf5dd55bbf975fd4416f866cee6af,DELETE,regular-file,auth-frontend/.venv/Scripts/Activate.ps1,23695,
b1ac20c9c8cd7cc7450967da3c0f7c4c26a60267,DELETE,regular-file,auth-frontend/.venv/Scripts/activate,2035,
632f7f33b52e4306d2fc0a16457bd2418503d040,DELETE,regular-file,auth-frontend/.venv/Scripts/activate.bat,999,
62a39a7584f4d7c5fbc31758e3e9e7eff700276d,DELETE,regular-file,auth-frontend/.venv/Scripts/deactivate.bat,371,
fcabd094d9318c8fc94f11edcb40fc07083e6257,DELETE,regular-file,auth-frontend/.venv/Scripts/pip.exe,108442,
fcabd094d9318c8fc94f11edcb40fc07083e6257,DELETE,regular-file,auth-frontend/.venv/Scripts/pip3.10.exe,108442,
fcabd094d9318c8fc94f11edcb40fc07083e6257,DELETE,regular-file,auth-frontend/.venv/Scripts/pip3.exe,108442,
f14cb569295f418bac629c97b357484a821a3351,DELETE,regular-file,auth-frontend/.venv/Scripts/python.exe,266624,
99e3fb29adc5a133ce778376490b5dc82e72e22c,DELETE,regular-file,auth-frontend/.venv/Scripts/pythonw.exe,254848,
fdfe40cfe6dc0fa2368a8b759441d8ce99c9e309,DELETE,regular-file,auth-frontend/.venv/pyvenv.cfg,116,
